1,"His Excellency KEM Sithan, Acting Minister of the Ministry of Commerce, chaired a monthly meeting of the Ministry of Commerce.",,
2,"(Phnom Penh): On the morning of Thursday, 26 December 2024, at the Ministry of Commerce, His Excellency KEM Sithan, Acting Minister of Commerce and High Representative of Her Excellency CHAM Nimul, Minister of Commerce, chaired the monthly meeting attended by the Ministry's leaders, including the Secretary of State, Under Secretary of State, Director General, Directors of Departments, Directors of Provincial Departments, and other officials.",(ភ្នំពេញ)៖ នាព្រឹកថ្ងៃព្រហស្បតិ៍ ទី ២៦ ខែធ្នូ ឆ្នាំ ២០២៤ នៅទីស្ដីការក្រសួងពាណិជ្ជកម្ម ឯកឧត្តម កឹម ស៊ីថន រដ្ឋមន្ត្រីស្ដីទីក្រសួងពាណិជ្ជកម្ម តំណាងដ៏ខ្ពង់ខ្ពស់របស់ លោកជំទាវ ចម និម្មល រដ្ឋមន្ត្រីក្រសួងពាណិជ្ជកម្ម បានអញ្ជើញដឹកនាំកិច្ចប្រជុំប្រចាំខែរបស់ក្រសួងពាណិជ្ជកម្ម ដែលមានវត្តមានចូលរួមពី ឯកឧត្តម លោកជំទាវរដ្ឋលេខាធិការ ឯកឧត្តម លោកជំទាវអនុរដ្ឋលេខាធិការ ឯកឧត្តមអគ្គនាយក លោកជំទាវអគ្គាធិការ លោក-លោកស្រីអគ្គនាយករង លោក-លោកស្រីអគ្គាធិការរង លោកប្រធាននាយកដ្ឋាន-វិទ្យាស្ថាន លោក-លោកស្រីអនុប្រធាននាយកដ្ឋាន-វិទ្យាស្ថាន លោក-លោកស្រីប្រធាន និងអនុប្រធានមន្ទីរ និងសាខា ក.ប.ប. រាជធានី-ខេត្តទាំងអស់ចំណុះឱ្យក្រសួងពាណិជ្ជកម្មផងដែរ។,
3,"The monthly meeting was held at the Ministry of Commerce and via video conference, covering the following agenda:", កិច្ចប្រជុំប្រចាំខែនេះ បានប្រព្រឹត្តទៅក្រោមរបៀបវារៈរួមមាន៖ ,
4,1. A brief report on the evaluation of the working results of the Committee for the Ministry of Commerce's Annual Report 2024 and the Ministry's working directions for 2025.,១. របាយការណ៍ស្ដីពីការវាយតម្លៃលទ្ធផលការងាររបស់គណៈកម្មាធិការរៀបចំដំណើរការសន្និបាតបូកសរុបការងារពាណិជ្ជកម្មឆ្នាំ ២០២៤ និងទិសដៅការងារពាណិជ្ជកម្មឆ្នាំ ២០២៥ ,
5,2. A brief report on the preparation of the report format for the Capital Provincial Department of Commerce.,២. របាយការណ៍ស្តីពីការរៀបចំគំរូរបាយការណ៍របស់មន្ទីរពាណិជ្ជកម្មរាជធានី-ខេត្ត ,
6,3. A brief report on the preparation of the report format for the Commercial Attaché.,៣. របាយការណ៍ស្តីពីការរៀបចំគំរូរបាយការណ៍របស់តំណាងពាណិជ្ជកម្មប្រចាំនៅក្រៅប្រទេស ,
7,4. A brief report on human resource management for contract officials at the Ministry of Commerce for 2025.,៤. របាយការណ៍ស្តីពីវឌ្ឍនភាពការរៀបចំឯកសារសម្រាប់ដំឡើងថ្នាក់ និងឋានន្តរស័ក្តិ ជូនមន្ត្រីរាជការស៊ីវិលសម្រាប់ឆ្នាំ ២០២៥ ,
8,5. A brief report on the evaluation of the working results of the Committee for the Ministry of Commerce's Annual Report 2024 and its working directions for 2025.,៥. របាយការណ៍ស្តីពីការគ្រប់គ្រង និងការប្រើប្រាស់មន្ត្រីជាប់កិច្ចសន្យារបស់ក្រសួងពាណិជ្ជកម្មសម្រាប់ឆ្នាំ ២០២៥ ,
9,"6. A brief report on the preparation of the Ministry of Commerce's Annual Report 2024 (12 months) by the General Directorate, General Inspectorate, and Green Trade Company.",៦. របាយការណ៍ស្តីពីការត្រៀមរៀបចំបច្ចុប្បន្នភាពរបាយការណ៍ប្រចាំឆ្នាំ (សរុប ១២ ខែ) របស់អគ្គនាយកដ្ឋានអគ្គាធិការដ្ឋាន និងក្រុមហ៊ុនហ្គ្រីនត្រេដ ,
10,7. Other matters.,៧. បញ្ហាផ្សេងៗ។,
11,"ANNOUNCEMENT: The Zhengzhou International Protected Geographical Indication Products Exhibition and International Import Food and Agricultural Products Exhibition 2025 under the theme “New Consumption, Share Global Food” to be held from 26-28 September 2025 in Zhengzhou city, Henan province, P.R. of China",សេចក្តីជូនដំណឹងស្ដីពី៖ ការរៀបចំ ពិព័រណ៍ផលិតផលការពារម៉ាកសម្គាល់ភូមិសាស្ត្រទំនិញ និងផលិតផល ម្ហូបអាហារនិងកសិកម្មនាំចូលអន្តរជាតិ ជឹងចូវ ឆ្នាំ២០២៥ ក្រោមមូលបទ “តម្រូវការប្រើប្រាស់ថ្មី ម្ហូបអាហារសកលតែមួយ” ដែលនឹងប្រព្រឹត្តទៅចាប់ពីថ្ងៃទី២៦-២៨ ខែកញ្ញា ឆ្នាំ២០២៥ នៅទីក្រុងជឹងចូវ ខេត្តហឺណាន សាធារណរដ្ឋ ប្រជាមានិតចិន,
12,"(Tokyo, Japan): On the afternoon of Tuesday, December 24, 2024, Mr. SIN Saray, Commercial Attaché to the Cambodian Embassy in Japan, accompanied His Excellency TUY Ry, Ambassador of Cambodia to Japan, in receiving a courtesy call from representatives of the ASEAN-Japan Centre, to discussed preparations for the Cambodia Foods Show, scheduled to be held at the Royal Embassy of Cambodia on February 21, 2025. The event aims to promote Khmer cuisine and potential Cambodian products, as well as to advance Cambodian culinary diplomacy and the import and export activities of Cambodian goods under the economic diplomacy strategy.","(តូក្យូ, ជប៉ុន)៖ នារសៀលថ្ងៃអង្គារ ទី២៤ ខែធ្នូ ឆ្នាំ២០២៤ លោក ស៊ីន សារ៉ាយ អនុព័ន្ធពាណិជ្ជកម្មអមស្ថានទូតកម្ពុជាប្រចាំប្រទេសជប៉ុន បានចូលរួមអម ឯកឧត្តម ទុយ រី ឯកអគ្គរាជទូតកម្ពុជាប្រចាំប្រទេសជប៉ុន ដើម្បីជួបពិភាក្សាការងារជាមួយតំណាងមជ្ឈមណ្ឌលអាស៊ាន-ជប៉ុន (ASEAN-Japan Centre) អំពីការត្រៀមលក្ខណៈក្នុងការរៀបចំតាំងបង្ហាញម្ហូបអាហារខ្មែរ (Cambodia Foods Show) ដែលគ្រោងនឹងធ្វើឡើងនៅស្ថានទូតកម្ពុជា ប្រចាំប្រទេសជប៉ុន នៅថ្ងៃទី២១ ខែកុម្ភៈ ឆ្នាំ២០២៥ ខាងមុខនេះ ក្នុងគោលបំណងផ្សព្វផ្សាយអំពីម្ហូបអាហារខ្មែរ និងផលិតផលសក្តានុពលខ្មែរ ព្រមទាំងជំរុញការទូតម្ហូបអាហារខ្មែរ និងសកម្មភាពនាំចេញនាំចូលផលិតផលខ្មែរ ក្រោមយុទ្ធសាស្រ្តការទូតសេដ្ឋកិច្ច។",
13,"This showcase will feature cooking demonstrations by Cambodian chefs, cultural performances, displays of Cambodian products, and presentations on Cambodian cuisine and tourism potential. Notably, there will be a Food Tasting Networking session, which serves as an important platform for establishing business relationships between participating companies and Japanese travel agents. It will also provide an opportunity to encourage more Japanese investors and tourists to visit Cambodia.",កម្មវិធីតាំងបង្ហាញនេះ នឹងមានរៀបចំការសម្ដែងការចម្អិនម្ហូបអាហារដោយចុងភៅខ្មែរមកពីប្រទេសកម្ពុជា ការសម្ដែងសិល្បៈរបាំ ការតាំងបង្ហាញផលិតផលខ្មែរ ការធ្វើបទបង្ហាញអំពីម្ហូបអាហារ និងសក្តានុពលទេសចរណ៍កម្ពុជា ជាពិសេសកម្មវិធី Food Tasting & Networking ដែលជាវេទិកាដ៏សំខាន់មួយ ក្នុងការបង្កើតឱ្យមានទំនាក់ទំនងធុរកិច្ចរវាងបណ្តាក្រុមហ៊ុនអ្នកចូលរួម និងភ្នាក់ងារទេសចរណ៍ជប៉ុន ក៏ដូចជាឱកាសមួយក្នុងការជំរុញអ្នកវិនិយោគជប៉ុន និងទេសចរជប៉ុនទៅកាន់ប្រទេសកម្ពុជា ឱ្យកាន់តែកើនឡើងថែមទៀតផងដែរ។,
14,"(Phnom Penh): On the morning of Monday, 16 December 2024, at the PH Grand Hall Center, Borey Peng Huoth Boeung Snor, Her Excellency TEKRETH Kamrang, Secretary of State of the Ministry of Commerce, delivered the keynote address at the Spotlight on Cambodia's Export Sector Forum. This side event of the Cambodia Trade Expo brought together senior leaders from the Ministry of Commerce, representatives from key ministries and institutions—including the Ministry of Industry, Science, Technology and Innovation; Ministry of Agriculture, Forestry, and Fisheries; Ministry of Posts and Telecommunications; Ministry of Public Works and Transport; National Bank of Cambodia; General Department of Customs and Excise of Cambodia; and Sihanoukville Autonomous Port—alongside development partners, federations, associations, international companies, and local businesses.",(ភ្នំពេញ)៖ នាព្រឹកថ្ងៃចន្ទ ទី១៦ ខែធ្នូ ឆ្នាំ២០២៤ នៅសាលសន្និបាត ហ្រ្គេនហល បុរីប៉េងហួត បឹងស្នោ លោកជំទាវ តឹករ៉េត កំរង រដ្ឋលេខាធិការក្រសួងពាណិជ្ជកម្ម បានអញ្ជើញចូលរួមថ្លែងសុន្ទកថាក្នុងវេទិកាស្តីពីវិស័យនាំចេញកម្ពុជា ដែលជាព្រឹត្តិការណ៍អមមួយនៃពិព័រណ៌ពាណិជ្ជកម្មកម្ពុជា ដោយមានការអញ្ជើញចូលរួមពីថ្នាក់ដឹកនាំក្រសួងពាណិជ្ជកម្ម និងក្រសួង-ស្ថាប័នពាក់ព័ន្ធ រួមមាន៖ ក្រសួងឧស្សាហកម្ម វិទ្យាសាស្ត្រ បច្ចេកវិទ្យា និងនាវានុវត្តន៍ ក្រសួងកសិកម្ម រុក្ខាប្រមាញ់ និងនេសាទ ក្រសួងប្រៃសណីយ៍និងទូរគមនាគមន៍ ក្រសួងសាធារណការ និងដឹកជញ្ជូន ធនាគារជាតិនៃកម្ពុជា អគ្គនាយកដ្ឋានគយនិងរដ្ឋាករកម្ពុជា និងកំពង់ផែស្វយ័តក្រុងព្រះសីហនុ ដៃគូអភិវឌ្ឍន៍ សហព័ន្ធ និងសមាគម ក្រុមហ៊ុនជាតិ-អន្តរជាតិ ជាច្រើនរូប។,
15,"The Spotlight on Cambodia's Export Sector Forum was organized by the Export Promotion Task Force to promote Cambodian products in international markets, explore emerging export opportunities, and strengthen Cambodia’s position in global trade. The forum provided a platform for participants to gain valuable insights into international trade trends, network with national and international partners, and foster collaborations to advance the export of Cambodian products. The discussions also focused on identifying new opportunities for processing agricultural products and enhancing value addition to boost export competitiveness.",វេទិកានេះ រៀបចំឡើងដោយក្រុមការងារជំរុញការនាំចេញ ក្នុងគោលបំណងលើកកម្ពស់ការនាំចេញផលិតផលកម្ពុជា ទៅកាន់ទីផ្សារអន្តរជាតិ ដោយផ្តោតសំខាន់លើចក្ខុវិស័យថ្មីៗនៃការនាំចេញ ការអភិវឌ្ឍន៍នៃវិស័យពាណិជ្ជកម្មអន្តរជាតិរបស់កម្ពុជា ក៏ដូចជាផ្តល់ឱកាសដល់អ្នកចូលរួមឱ្យទទួលបានចំណេះដឹង និងផ្សាភ្ជាប់ទំនាក់ទំនងជាមួយដៃគូជាតិ-អន្តរជាតិ ដើម្បីបង្កើតកិច្ចសហប្រតិបត្តិការ និងលើកស្ទួយផលិតផលកម្ពុជានៅលើទីផ្សារសកល ក៏ដូចជាស្វែងរកឱកាសថ្មីៗក្នុងការកែច្នៃផលិតផលកសិកម្ម និងបន្ថែមគុណតម្លៃសម្រាប់ការនាំចេញ។,
16,"(Phnom Penh): On the morning of Thursday, 12 December 2024 at the Ministry of Commerce, His Excellency VAR Rothsan, secretary of state of Ministry of Commerce, received a courtesy call from representatives of Cambodia Honey Association and Catalyste+ mainly responsible for promoting and strengthening all stakeholders in the honey value chain, including with beekeepers, wild bee harvesting communities, bee conservation organization and the forest ecology in the Cambodia.",(ភ្នំពេញ)៖ នាព្រឹកថ្ងៃព្រហស្បហតិ៍ ទី១២ ខែធ្នូ ឆ្នាំ២០២៤ នៅទីស្តីការក្រសួងពាណិជ្ជកម្ម ឯកឧត្តម វ៉ា រុតសាន រដ្ឋលេខាធិការក្រសួងពាណិជ្ជកម្ម បានទទួលជួបសម្តែងការគួរសម និងពិភាក្សាការងារជាមួយសមាគមទឹកឃ្មុំកម្ពុជា និងអង្គការ Catalyste+ ដែលមានកាតព្វកិច្ចចម្បងក្នុងការជំរុញ និងពង្រឹងគ្រប់ភាគីពាក់ព័ន្ធក្នុងខ្សែច្រវាក់វិស័យផលិតផលទឹកឃ្មុំ រួមមានអ្នកចិញ្ចឹមឃ្មុំ សហគមប្រមូលផលឃ្មុំព្រៃ អង្គការអភិរក្សឃ្មុំ និងអភិរក្សប្រព័ន្ធអេកូឡូស៊ីព្រៃឈើនៅកម្ពុជា។,
17,"On that occasion, the representatives of the Cambodia Honey Association and Catalyste+ informed about the purpose of establishing the Honey Association as well as supporting the activities of Catalyste+ through bee experts as well as seeking support and cooperation for the development of beekeeping sector in Cambodia.",ក្នុងឱកាសនោះ ភាគីតំណាងសមាគមទឹកឃ្មុំកម្ពុជា និងអង្គការ Catalyste+ ជម្រាបជូនអំពីគោលបំណងនៃការបង្កើតសមាគមទឹកឃ្មុំ ព្រមជាមួយនឹងការគាំទ្រសកម្មភាពរបស់អង្គការ Catalyste+ តាមរយៈអ្នកជំនាញឃ្មុំ ក៏ដូចជាស្វែងរកការគាំទ្រ និងកិច្ចសហការ ដើម្បីការអភិវឌ្ឍន៍វិស័យឃ្មុំនៅកម្ពុជា។,
18,"As a result, His Excellency chair recommended to the Honey Association to develop a strategy on the Cambodia’s Bee Sector to serve as the roadmap to move toward Economic of scale and increase the Cambodia’s Honey reputation and increase people awareness of using honey in therapeutic functions and strengthen the immune system.",ជាលទ្ធផល ឯកឧត្តមគណៈអធិបតី បានផ្តល់អនុសាសន៍ជូនសមាគមទឹកឃ្មុំ ក្នុងការរៀបចំយុទ្ធសាស្រ្តលើវិស័យឃ្មុំនៅកម្ពុជា ដើម្បីដើរតួនាទីជាផែនទីចង្អុលទិសសម្រាប់វិស័យនេះបោះជំហានទៅរកការផលិតជាមាត្រាសាស្រ្ត និងលើកកម្ពស់ទំនុកចិត្តមកលើការកេរ្តិ៍ឈ្មោះរបស់ទឹកឃ្មុំកម្ពុជា និងបង្កើនការយល់ដឹងរបស់ប្រជាពលរដ្ឋអំពីផលប្រយោជន៍នៃការប្រើប្រាស់ទឹកឃ្មុំក្នុងមុខងារព្យាបាលជំងឺ និងជួយពង្រឹងប្រព័ន្ធភាពស៊ាំក្នុងរាងកាយ។,
19,"(Shenzhen, China): On Friday, 3 January 2025, responding to invitations from Heli-Eastern and Amber Aviation Limited, Mr. Lao Nguon Eng, Commercial Attaché at the Consulate General of Cambodia in Guangzhou, Guangdong Province, People’s Republic of China, visited the two companies to observe their operations. These companies plan to expand their businesses and strengthen cooperation in ASEAN, including Cambodia.","(ស៊ីនជិន, ចិន)៖ នាថ្ងៃសុក្រទី៣ ខែមករា ឆ្នាំ២០២៥ តបតាមការអញ្ជេីញរបស់ក្រុម Heli-Eastern និង Amber Aviation Limited របស់ទីក្រុងស៊ីនជិន លោក ឡៅ ងួន អេង អនុព័ន្ធពាណិជ្ជកម្មកម្ពុជាអមស្ថានអគ្គកុងស៊ុលកម្ពុជាប្រចាំទីក្រុងក្វាងចូវ នៃខេត្តក្វាងទុង សាធារណរដ្ឋប្រជាមានិតចិន បានចុះទស្សនកិច្ចក្នុងក្រុមហ៊ុនទាំងពីរខាងលេី ដេីម្បីសិក្សាស្វែងយល់អំពីប្រតិបត្តិការពាណិជ្ជកម្មរបស់ក្រុមហ៊ុនទាំងពីរខាងលើ។",
20,"Heli-Eastern produces and delivers various types of drones in China, including those used for urban transportation and agriculture. It also provides urban air services in the Greater Bay Area (Guangdong-Hong Kong-Macao Greater Bay Area).",សូមជម្រាបជូនថា ក្រុមហ៊ុន Heli-Eastern ជាក្រុមហ៊ុនផលិត ចែកចាយយន្តហោះ Drove ខ្នាតតូច សម្រាប់បម្រេីដល់វិស័យដឹកជញ្ជូនក្នុងទីក្រុង និងសម្រាប់បម្រេីការងារកសិកម្ម ព្រមទាំងធ្វេីអាជីវកម្មបម្រេីសេវាហោះហេីរយន្តហោះ Helicoper ក្នុងតំបន់ Great Bay Area(Guangdong-Hong Kong-Macao Great Bay Area)។ ,
21,"Amber Aviation Limited provides aviation services using its private jets to transport passengers within ASEAN and has been strengthening cooperation with ASEAN member states, including Cambodia.",ដោយឡែក ក្រុមហ៊ុន Amber Aviation Limited ជាក្រុមហ៊ុនបម្រេីសេវាហោះហេីរយន្តហោះ Private Jet សម្រាប់ការធ្វេីដំណេីរនៅក្នុងតំបន់អាស៊ាន។ ,
22,"Both companies expressed their intention to expand their businesses in Cambodia and strengthen close cooperation with the country.,តាមការបញ្ជាក់ ក្រុមហ៊ុនទាំងពីរខាងលើ បានបង្ហាញបំណងចង់មកធ្វេីពាណិជ្ជកម្មនៅកម្ពុជានាពេលខាងមុខ និងពង្រឹងកិច្ចសហការឱ្យកាន់តែជិតស្និទ្ធជាមួយកម្ពុជាលេីសេវាហោះហេីរឯកជន ផងដែរ។
5,His Excellency KEM Sithan", Permanent Secretary of State of the Ministry of Commerce," chaired a weekly meeting of the Ministry of Commerce."""
23,"(Phnom Penh): On the morning of Thursday, January 2025, at the Ministry of Commerce, His Excellency KEM Sithan, Permanent Secretary of State of the Ministry of Commerce and High Representative of Her Excellency CHAM Nimul, Minister of Commerce, chaired the weekly meeting attended by the Ministry's leaders, including the Secretary of State, Under Secretary of State, Director General, Directors of Departments, Directors of Provincial Departments, and other officials.",(ភ្នំពេញ)៖ នាព្រឹកថ្ងៃព្រហស្បតិ៍ ទី២ ខែមករា ឆ្នាំ២០២៥ នៅទីស្ដីការក្រសួងពាណិជ្ជកម្ម ឯកឧត្តម កឹម ស៊ីថន រដ្ឋលេខាធិការប្រចាំការក្រសួងពាណិជ្ជកម្ម តំណាងដ៏ខ្ពង់ខ្ពស់របស់ លោកជំទាវ ចម និម្មល រដ្ឋមន្ត្រីក្រសួងពាណិជ្ជកម្ម បានអញ្ជើញដឹកនាំកិច្ចប្រជុំប្រចាំខែរបស់ក្រសួងពាណិជ្ជកម្ម ដែលមានវត្តមានចូលរួមពី ឯកឧត្តម លោកជំទាវរដ្ឋលេខាធិការ ឯកឧត្តម លោកជំទាវអនុរដ្ឋលេខាធិការ ឯកឧត្តមអគ្គនាយក លោកជំទាវអគ្គាធិការ លោក-លោកស្រីអគ្គនាយករង លោក-លោកស្រីអគ្គាធិការរង លោកប្រធាននាយកដ្ឋាន-វិទ្យាស្ថាន លោក-លោកស្រីអនុប្រធាននាយកដ្ឋាន-វិទ្យាស្ថាន លោក-លោកស្រីប្រធាន និងអនុប្រធានមន្ទីរ និងសាខា ក.ប.ប. រាជធានី-ខេត្តទាំងអស់ចំណុះឱ្យក្រសួងពាណិជ្ជកម្មផងដែរ។,
24,"The weekly meeting was held at the Ministry of Commerce and via video conference, covering the following agenda: Brief report on the work direction for implementation in 2025 of the units under the Ministry of Commerce, such as the General Directorate, General Inspectorate, and Green Trade Company as well as discussing Other matters.",កិច្ចប្រជុំប្រចាំសប្ដាហ៍នេះ បានប្រព្រឹត្តទៅក្រោមរបៀបវារៈរួមមាន៖ របាយការណ៍ស្តីពីការកំណត់ទិសដៅការងារសម្រាប់អនុវត្តបន្តក្នុងឆ្នាំ២០២៥ របស់អង្គភាពក្រោមឱវាទក្រសួងពាណិជ្ជកម្ម ដូចជា៖ អគ្គនាយកដ្ឋាន អគ្គាធិការដ្ឋាន និងក្រុមហ៊ុនហ្គ្រីនត្រេដ ព្រមទាំងការពិភាក្សាអំពីបញ្ហាផ្សេងៗ ផងដែរ។,
25,"His Excellency OK Boung, Secretary of State of the Ministry of Commerce, presided over the ceremony awarding certificates of completion for the Rules of Origin and Export Procedures training (Batch 2).",(ភ្នំពេញ)៖ ព្រឹកថ្ងៃសុក្រ ទី២៧ ខែធ្នូ ឆ្នាំ២០២៤ នៅទីស្តីការក្រសួងពាណិជ្ជកម្ម ឯកឧត្តម ឱក ប៊ុង រដ្ឋលេខាធិការក្រសួងពាណិជ្ជកម្ម បានអញ្ជើញជាអធិបតីក្នុងពិធីប្រគល់វិញ្ញាបនបត្របញ្ជាក់ការសិក្សាវគ្គបណ្តុះបណ្តាលស្តីពីវិធានដើមកំណើតទំនិញ និងនីតិវិធីនៃការនាំចេញ (លើកទី២) ជូនសិក្ខាកាមដែលបានប្រលងជាប់ជាស្ថាពរសរុបចំនួន ៣៩រូប (ស្រី ១៦រូប)។,
26,"(Phnom Penh): On the morning of Monday, 27 December 2024, at the Ministry of Commerce, His Excellency OK Boung, Secretary of State of the Ministry of Commerce, presided over the ceremony awarding certificates of completion for the Rules of Origin and Export Procedures training (Batch 2) to 39 participants (16 female).",(ភ្នំពេញ)៖ ព្រឹកថ្ងៃសុក្រ ទី២៧ ខែធ្នូ ឆ្នាំ២០២៤ នៅទីស្តីការក្រសួងពាណិជ្ជកម្ម ឯកឧត្តម ឱក ប៊ុង រដ្ឋលេខាធិការក្រសួងពាណិជ្ជកម្ម បានអញ្ជើញជាអធិបតីក្នុងពិធីប្រគល់វិញ្ញាបនបត្របញ្ជាក់ការសិក្សាវគ្គបណ្តុះបណ្តាលស្តីពីវិធានដើមកំណើតទំនិញ និងនីតិវិធីនៃការនាំចេញ (លើកទី២) ជូនសិក្ខាកាមដែលបានប្រលងជាប់ជាស្ថាពរសរុបចំនួន ៣៩រូប (ស្រី ១៦រូប)។ ,
27,"On that occasion, His Excellency Secretary of State stated that this training course aimed to increase knowledge of rules of origin to qualify for preferential tariffs under various free trade agreements and instructions for applying for a certificate of origin through the Ministry of Commerce's automated system.",ក្នុងឱកាសនោះ ឯកឧត្តមរដ្ឋលេខាធិការ បានថ្លែងអំពីគោលបំណងនៃវគ្គបណ្តុះបណ្តាលនេះ ក្នុងការបង្កើនចំណេះដឹងផ្នែកវិធានដើមកំណើតទំនិញដើម្បីទទួលបានភាពអនុគ្រោះក្រោមកិច្ចព្រមព្រៀងសេរីនានា ព្រមទាំងនីតិវិធីក្នុងការស្នើសុំ និងអនុញ្ញាតនូវវិញ្ញាបនបត្របញ្ជាក់ដើមកំណើតទំនិញតាមប្រព័ន្ធស្វ័យប្រវត្តិកម្ម ជូនមន្រ្តីក្រសួងពាណិជ្ជកម្មដែលមានឱកាសក្នុងការបំពេញការងារជាតំណាងពាណិជ្ជកម្មប្រចាំតំបន់សេដ្ឋកិច្ចពិសេសនាថ្ងៃអនាគត។ ,
28,"His Excellency the Secretary of State stated that the training course ran from 25 November 2024 to 9 December 2024, with a curriculum that included both theoretical and practical studies. The theoretical study included lessons on rules of origin, export procedures, and instructions on requesting and authorizing certificates of origin through an automated application. The practical study required all participants to complete a one-week internship.",ឯកឧត្តមរដ្ឋលេខាធិការ បញ្ជាក់ថា វគ្គបណ្តុះបណ្តាលនេះបានចាប់ផ្តើមកាលពីថ្ងៃទី២៥ ខែវិច្ឆិកា ឆ្នាំ២០២៤ ដល់ថ្ងៃទី៩ ខែធ្នូ ឆ្នាំ ២០២៤ ដែលមានកម្មវិធីសិក្សាធ្វើឡើងទាំងទ្រឹស្តី និងការអនុវត្តជាក់ស្តែង ដោយការសិក្សាទ្រីស្តីមានមេរៀនវិធានដើមកំណើតទំនិញ នីតិវិធីនៃការនាំចេញ ការណែនាំពីការស្នើសុំនិងអនុញ្ញាតវិញ្ញបនបត្របញ្ជាក់ដើមកំណើតទំនិញតាមប្រព័ន្ធស្វ័យប្រវត្តិកម្ម ដោយឡែកការចុះអនុវត្តជាក់ស្តែងតម្រូវឱ្យសិក្ខាកាមទាំងអស់ការចុះកម្មសិក្សាដោយផ្ទាល់រយៈពេល ១សប្តាហ៍ផងដែរ៕,
29,Cambodia-Vietnam Trade and Investment Promotion Forum on Enhancing Cross-Border Trade Cooperation and Digital Economy,,
30,"(Phnom Penh): On the afternoon of Wednesday, 25 December 2024 at Phnom Penh Hotel, His Excellency HO Sivyong, Delegate of the Royal Government in charge as Director General of Trade Support Services of the Ministry of Commerce, was invited to do a presentation on bilateral trade preferences between Vietnam and Cambodia at the Vietnam-Cambodia Trade and Investment Promotion Forum on Enhancing Cross-Border E-Commerce Cooperation and Digital Economy, organized under the collaboration of the Ministry of Industry and Trade of Vietnam, Vietnam Trade Office in Cambodia and the Vietnam-Cambodia Business Association.",(ភ្នំពេញ)៖ នារសៀលថ្ងៃពុធ ទី២៥ ខែធ្នូ ឆ្នាំ២០២៤ នៅសណ្ឋាគារភ្នំពេញ ឯកឧត្តម ហូ ស៊ីវយ៉ុង ប្រតិភូរាជរដ្ឋាភិបាលទទួលបន្ទុកជាអគ្គនាយកសេវាពាណិជ្ជកម្ម នៃក្រសួងពាណិជ្ជកម្ម បានអញ្ជើញចូលរួមធ្វើបទបង្ហាញស្ដីពីការអនុគ្រោះពាណិជ្ជកម្មទ្វេភាគីរវាងរៀតណាម និងកម្ពុជា នៅវេទិកាជំរុញពាណិជ្ជកម្ម និងវិនិយោគវៀតណាម-កម្ពុជា បង្កើនកិច្ចសហប្រតិបត្តិការពាណិជ្ជកម្មអេឡិចត្រូនិចឆ្លងដែន និងសេដ្ឋកិច្ចឌីជីថល ដែលបានរៀបចំឡើង ក្រោមកិច្ចសហការរវាងក្រសួងឧស្សាហកម្ម និងពាណិជ្ជកម្មវៀតណាម ការិយាល័យពាណិជ្ជកម្មវៀតណាមប្រចាំកម្ពុជា និងសមាគមសហព័ន្ធធុរកិច្ចវៀតណាម-កម្ពុជា។ ,
31,"The forum was organized with the aim of facilitating Cambodian and Vietnamese investors and businessmen to establish contacts and networks, as well as to discuss, explore and exchange important information related to the potential and opportunities of business and investment in Cambodia, especially related to cross-border trade cooperation and the digital economy.",វេទិកានេះត្រូវបានរៀបចំឡើងក្នុងគោលបំណងបង្កលក្ខណៈងាយស្រួលសម្រាប់វិនិយោគិន និងធុរជនកម្ពុជា និងវៀតណាមក្នុងការបង្កើតទំនាក់ទំនង និងបណ្តាញ ព្រមទាំងពិភាក្សាស្វែងយល់ និងផ្លាស់ប្តូរនូវព័ត៌មានសំខាន់ៗពាក់ព័ន្ធនឹងសក្តានុពល និងកាលានុវត្តភាពធុរកិច្ច និងវិនិយោគនៅប្រទេសកម្ពុជា ពិសេសពាក់ព័ន្ធកិច្ចសហប្រតិបត្តិការពាណិជ្ជកម្មឆ្លងដែន និងសេដ្ឋកិច្ចឌីជីថល។ ,
32,"Through the above presentation, His Excellency highlighted the potential and opportunities of doing businesses in Cambodia as well as the trade cooperation between Cambodia and Vietnam in the ASEAN framework and especially in the bilateral framework between the two countries.",តាមរយៈបទបង្ហាញខាងលើ ឯកឧត្តមប្រតិភូបានបញ្ជាក់អំពីសក្តានុពល និងកាលានុវត្តភាពធុរកិច្ចនៃប្រទេសកម្ពុជា ព្រមទាំងកិច្ចសហប្រតិបត្តិការផ្នែកពាណិជ្ជកម្មរវាងប្រទេសកម្ពុជា និងប្រទេសវៀតណាម ក្នុងក្របខណ្ឌអាស៊ាន និងជាពិសេសក្នុងក្របខណ្ឌទ្វេភាគីរវាងប្រទេសទាំងពីរផងដែរ។,
33,"(Phnom Penh): On the morning of Wednesday, 25 December 2024, at the Office of the Council of Ministers, Her Excellency TAN Tepikanika, Under Secretary of State of the Ministry of Commerce, attended a meeting for the final review of draft laws chaired by His Excellency VONGSEY Vissoth, Permanent Deputy Prime Minister in charge of the Office of the Council of Ministers, and His Excellency KOEUT Rith, Deputy Prime Minister and Minister of Justice.",(ភ្នំពេញ)៖ នៅព្រឹកថ្ងៃពុធ ទី ២៥ ខែធ្នូ ឆ្នាំ ២០២៤ នៅទីស្ដីការគណៈរដ្ឋមន្រ្តី លោកជំទាវ តាន់ ទេពីកណ្ណិកា អនុរដ្ឋលេខាធិការក្រសួងពាណិជ្ជកម្ម បានអញ្ជើញចូលរួមកិច្ចប្រជុំត្រួតពិនិត្យសេចក្តីព្រាងច្បាប់ចុងក្រោយ ដែលមានអធិបតីភាពដោយ ឯកឧត្តម វង្សី វិស្សុត ឧបនាយករដ្ឋមន្រ្តី ប្រចាំការរដ្ឋមន្រ្តីទទួលបន្ទុកទីស្ដីការគណៈរដ្ឋមន្រ្តី និង ឯកឧត្តម កើត រិទ្ធ ឧបនាយករដ្ឋមន្ត្រី និងរដ្ឋមន្ត្រីក្រសួងយុត្តិធម៌។,
34,"The meeting was attended by Excellencies, Ladies and Gentlemen, as well as technical experts from various relevant ministries and institutions to review and discuss two draft laws: (1) The draft law on combating the non-recognition of crimes committed during the period of Democratic Kampuchea and (2) The draft law on the temporary disposal of seized goods.",កិច្ចប្រជុំនេះ មានការអញ្ជើញចូលរួមពីសំណាក់ ឯកឧត្តម លោកជំទាវ លោក និងលោកស្រី ដែលជាថ្នាក់ដឹកនាំ និងមន្រ្តីបច្ចេកទេសពីក្រសួង និងស្ថាប័នពាក់ព័ន្ធ ដើម្បីពិនិត្យ ពិភាក្សា និងកែសម្រួលលើសេចក្ដីព្រាងច្បាប់ចំនួនពីរ គឺ៖ (១) សេចក្ដីព្រាងច្បាប់ស្តីពីការប្រឆាំងការមិនទទួលស្គាល់ឧក្រិដ្ឋកម្មដែលប្រព្រឹត្តឡើងក្នុងរយៈកាលនៃកម្ពុជាប្រជាធិបតេយ្យ និង (២) សេចក្ដីព្រាងច្បាប់ស្តីពីការចាត់ចែងជាបណ្ដោះអាសន្ននូវវត្ថុចាប់យក។,
35,Her Excellency SEREI Borapich led a consultation meeting on the preparation of the draft of Gender Mainstreaming Strategic Plan of the Ministry of Commerce (2024-2028),(ភ្នំពេញ)៖ នារសៀលថ្ងៃពុធ ទី៥ ខែកុម្ភៈ ឆ្នាំ២០២៥ នៅទីស្តីការក្រសួងពាណិជ្ជកម្ម លោកជំទាវ សេរី បូរាពេជ្រ រដ្ឋលេខាធិការ និងជាប្រធានក្រុមការងារយេនឌ័រក្រសួងពាណិជ្ជកម្ម បានដឹកនាំកិច្ចប្រជុំពិគ្រោះយោបល់លើការរៀបចំសេចក្តីព្រាងផែនការយុទ្ធសាស្រ្តបញ្ជ្រាបយេនឌ័ររបស់ក្រសួងពាណិជ្ជកម្ម (២០២៤-២០២៨) ដែលមានការអញ្ជើញចូលរួមពី លោកជំទាវរដ្ឋលេខាធិការ និង អនុរដ្ឋលេខាធិការក្រសួងពាណិជ្ជកម្ម លោក-លោកស្រីអគ្គនាយករង តំណាងពីនាយកដ្ឋានចំណុះក្រសួងពាណិជ្ជកម្ម និងតំណាងពីបណ្តាមន្ទីរពាណិជ្ជកម្មរាជធានី-ខេត្តទាំង២៥ ជាច្រើនរូប។,
36,"(Phnom Penh): On the morning of Wednesday, 5 February 2025, at the Ministry of Commerce, Her Excellency SEREI Borapich, Secretary of State and Chair of the Gender Working Group of the Ministry of Commerce, led a consultation meeting on the preparation of the draft of Gender Mainstreaming Strategic Plan of the Ministry of Commerce (2024-2028). The event was attended by the Secretary of State, Undersecretary of State, Deputy Director-Generals, representatives from departments under the Ministry of Commerce, and representatives of all departments of commerce and the 25 provincial departments of Commerce.",ក្នុងកិច្ចប្រជុំនេះ ធ្វើឡើងដោយផ្ទាល់ និងតាមរយៈប្រព័ន្ធអនឡាញ ក្នុងគោលបំណងពិភាក្សាអំពីខ្លឹមសារនៃសេចក្តីព្រាងផែនការយុទ្ធសាស្ត្របញ្ជ្រាបយេនឌ័ររបស់ក្រសួងពាណិជ្ជកម្មដើម្បីស្វែងយល់អំពីខ្លឹមសារសំខាន់ៗ និងទទួលយកនូវមតិយោបល់បំពេញបន្ថែមឱ្យបានគ្រប់ជ្រុងជ្រោយមុនពេលដាក់សម្ពោធឱ្យប្រើប្រាស់ជាផ្លូវការនៅក្នុងការប្រារព្ធទិវាអន្តរជាតិនារី ៨មីនា ខួបទី១១៤ នាខាងមុខនេះ។,
37,The meeting was held via physical and online to discussed the substaintive meaning of the draft of Gender Mainstreaming Strategic Plan of the Ministry of Commerce to understand the main contents and accept all complementary comments before the official launch during the celebration of 114th Anniversary of International Women's Day 8 March.,ក្នុងឱកាសនោះ លោកជំទាវ គង់ សិទ្ធិកា អនុរដ្ឋលេខាធិការ និងជាប្រធានលេខាធិការដ្ឋាននៃក្រុមការងារយេនឌ័ររបស់ក្រសួងពាណិជ្ជកម្ម ក៏បានធ្វើបទបង្ហាញស្តីពី សេចក្តីព្រាងផែនការយុទ្ធសាស្រ្តបញ្ជ្រាបយេនឌ័ររបស់ក្រសួងពាណិជ្ជកម្ម(២០២៤-២០២៨) ផងដែរ។,
38,"On that occasion, Her Excellency KONG Sedhika , Under Secretary of State and Head of the Secretariat of the Gender Working Group of the Ministry of Commerce, also made a presentation on the draft of Gender Mainstreaming Strategic Plan of the Ministry of Commerce (2024-2028).",,
39,"(Riyadh, Saudi Arabia): On the morning of Wednesday, 5 February 2025, at Riyadh, Saudi Arabia, Her Excellency CHAM Nimul, Minister of Commerce, led a Cambodian delegation to attend a bilateral meeting with Mr. Bader Alrebdi, Vice President of Export Environment and Committees Secretariat, during the official visit to the Kingdom of Saudi Arabia.","(រាជធានីរីយ៉ាដ, ប្រទេសអារ៉ាប៊ីសាអូឌីត) ៖ នាព្រឹកថ្ងៃពុធ ទី៥ ខែកុម្ភៈ ឆ្នាំ២០២៥ នៅទីក្រុងរីយ៉ាដ ព្រះរាជាណាចក្រអារ៉ាប៊ីសាអូឌីត លោកជំទាវ ចម និម្មល រដ្ឋមន្ដ្រីក្រសួងពាណិជ្ជកម្ម បានអញ្ជើញដឹកនាំគណៈប្រតិភូកម្ពុជា ជួបពិភាក្សាការងារទ្វេភាគីជាមួយលោក Bader Alrebdi អនុប្រធាននៃលេខាធិការដ្ឋានគណៈកម្មាធិការនាំចេញ នៃអាជ្ញាធរទទួលបន្ទុកការអភិវឌ្ឍការនាំចេញរបស់អារ៉ាប៊ីសាអូឌីត ក្នុងឱកាសបំពេញទស្សនកិច្ចផ្លូវការនៅព្រះរាជាណាចក្រអារ៉ាប៊ីសាអូឌីត។",
40,"The two sides exchanged experiences and discussed ways to strengthen bilateral cooperation on exports promotion strategy, and the establishment of potential industrial zones between the two countries.",ក្នុងជំនួបនេះ ភាគីទាំងពីរបានផ្លាស់ប្តូរបទពិសោធន៍ និងពិភាក្សាពីការពង្រឹងកិច្ចសហប្រតិបត្តិការលើការរៀបចំយុទ្ធសាស្រ្តជំរុញការនាំចេញផលិតផល សេវាកម្ម និងការរៀបចំតំបន់ឧស្សាហកម្មសក្តានុពល រវាងប្រទេសទាំងពីរ។,
41,"(Riyadh, Saudi Arabia): On the morning of Wednesday, 5 February 2025, at Riyadh, Saudi Arabia, Her Excellency CHAM Nimul, Minister of Commerce, led a Cambodian delegation to attend a bilateral meeting with His Excellency Dr. Hisham bin Saad Aljadhey, Chief Executive Officer (CEO) of the Saudi Food and Drug Authority, during the official visit to the Kingdom of Saudi Arabia.","(រាជធានីរីយ៉ាដ, ប្រទេសអារ៉ាប៊ីសាអូឌីត)៖ នាព្រឹកថ្ងៃពុធ ទី៥ ខែកុម្ភៈ ឆ្នាំ២០២៥ នៅទីក្រុងរីយ៉ាដ ព្រះរាជាណាចក្រអារ៉ាប៊ីសាអូឌីត លោកជំទាវ ចម និម្មល រដ្ឋមន្ដ្រីក្រសួងពាណិជ្ជកម្ម បានអញ្ជើញដឹកនាំគណៈប្រតិភូកម្ពុជា ជួបពិភាក្សាការងារទ្វេភាគីជាមួយឯកឧត្តមបណ្ឌិត Hisham bin Saad Aljadhey នាយកប្រតិបត្តិនៃអាជ្ញាធរចំណីអាហារ និងឱសថរបស់អារ៉ាប៊ីសាអូឌីត (Saudi Food and Drug Authority) ក្នុងឱកាសបំពេញទស្សនកិច្ចផ្លូវការនៅព្រះរាជាណាចក្រអារ៉ាប៊ីសាអូឌីត។",
42,"The two sides discussed the strengthening of cooperation in the safety and standards of food, medicine and consumer goods. Her Excellency Minister also encouraged the Saudi side to consider investing in halal products for exports.",ក្នុងជំនួបនេះ ភាគីទាំងពីរបានពិភាក្សាពីការពង្រឹងកិច្ចសហប្រតិបត្តិការលើវិស័យសុវត្ថិភាព និងស្តង់ដារម្ហូបអាហារ ឱសថ និងរបស់ប្រើប្រាស់។ ក្នុងនោះដែរ លោកជំទាវរដ្ឋមន្ត្រី ក៏បានលើកទឹកចិត្តភាគីអារ៉ាប៊ីសាអូឌីត ឱ្យពិចារណាលើការវិនិយោគកែឆ្នៃផលិតផលហាឡាល់ សម្រាប់ការនាំចេញ។,
43,"His Excellency BUON Sarakmony, Secretary of State of the Ministry of Commerce, presided over the signing ceremony of a Memorandum of Understanding between the Ministry of Commerce and ABA Bank regarding the cooperation on a strategic partnership and the introduction of online payment for the Secured Transaction Filing Office (SETFO).",(ភ្នំពេញ)៖ នាព្រឹកថ្ងៃចន្ទ ទី៣ ខែកុម្ភៈ ឆ្នាំ២០២៥ នៅទីស្តីការក្រសួងពាណិជ្ជកម្ម ឯកឧត្តម បួន សារៈមុនី រដ្ឋលេខាធិការក្រសួងពាណិជ្ជកម្ម តំណាងដ៏ខ្ពង់ខ្ពស់របស់ លោកជំទាវ ចម និម្មល រដ្ឋមន្ត្រីក្រសួងពាណិជ្ជកម្ម បានអញ្ជើញជាអធិបតីភាពក្នុងពិធីចុះអនុស្សរណៈនៃការយោគយល់គ្នាស្តីពី កិច្ចសហប្រតិបត្តិការលើភាពជាដៃគូយុទ្ធសាស្ត្រ រវាងក្រសួងពាណិជ្ជកម្ម និងធនាគារ វឌ្ឍនៈអាស៊ី ចំកាត់ (ABA Bank) និងការដាក់ឱ្យប្រើប្រាស់ការទូទាត់ប្រាក់តាមប្រព័ន្ធអនឡាញ សម្រាប់ប្រព័ន្ធតម្កល់លិខិតជូនដំណឹងនៃប្រតិបត្តិការដែលមានកិច្ចធានា (SETFO) ដោយមានការចូលរួមពី ថ្នាក់ដឹកនាំ និងមន្ត្រីពាក់ព័ន្ធរបស់ក្រសួងពាណិជ្ជកម្ម ព្រមទាំងថ្នាក់ដឹកនាំធនាគារ ABA ជាច្រើនរូប។,
44,"(Phnom Penh): On the morning of Monday, 3 February 2025, at the Ministry of Commerce, His Excellency BUON Sarakmony, Secretary of State of the Ministry of Commerce and high representative of Her Excellency CHAM Nimul, Minister of Commerce, presided over the signing ceremony of a Memorandum of Understanding between the Ministry of Commerce and ABA Bank regarding the Cooperation on Strategic Partnership, and also the introduction of online payment for the Secured Transaction Filing Office (SETFO) with the presence of relevant leaders and officials of the Ministry of Commerce as well as leaders of ABA Bank.",អនុស្សរណៈនេះ មានគោលបំណងជំរុញ និងផ្ដល់ការគាំទ្រក្នុងរូបភាពផ្សេងៗនូវសហប្រតិបត្តិការលើភាពជាដៃគូយុទ្ធសាស្រ្ត ដើម្បីចូលរួមលើកកម្ពស់ការអភិវឌ្ឍវិស័យបច្ចេកវិទ្យាហិរញ្ញវត្ថុនៅកម្ពុជាឱ្យកាន់តែរស់រវើក និងស្របតាមគោលនយោបាយ និងនិន្នាការជាតិ។,
45,This memorandum aims to promote and provide support in various forms of cooperation on strategic partnerships to contribute to the development of the financial technology sector in Cambodia to be more dynamic and aligned with national policies and trends.,ជាមួយគ្នានេះដែរ ក្រសួងពាណិជ្ជកម្ម បានសហការជាមួយ ធនាគារវឌ្ឍនៈអាស៊ី ចំកាត់ (ABA Bank) ក្នុងការតភ្ជាប់ការទូទាត់ប្រាក់តាមប្រព័ន្ធអនឡាញ ជាលើកដំបូង សម្រាប់ប្រព័ន្ធ SETFO ក្នុងគោលបំណងផ្ដល់ភាពងាយស្រួល បន់បែន ឆាប់រហ័ស និងមានសុវត្ថិភាពសម្រាប់អ្នកប្រើប្រាស់ប្រព័ន្ធ SETFO ព្រមទាំងធានាបាននូវប្រសិទ្ធភាពក្នុងការផ្ដល់សេវាសាធារណៈរបស់ក្រសួងពាណិជ្ជកម្មជូនប្រជាពលរដ្ឋ។ កិច្ចសហការនេះនឹងជួយសម្រួលដល់អ្នកប្រើប្រាស់ប្រព័ន្ធ SETFO អាចបង់កម្រៃសេវាសាធារណៈសម្រាប់ការប្រើប្រាស់ប្រព័ន្ធនេះ តាមរយៈ ABA Mobile App របស់ខ្លួន ដោយពុំចាំបាច់មកបង់ប្រាក់ដោយផ្ទាល់នៅក្រសួងពាណិជ្ជកម្មឡើយ។,
46,"The Ministry of Commerce has collaborated with ABA Bank to integrate online payment for the first time for the SETFO system, which aims to provide convenience, flexibility, and security for SETFO users to ensure the efficiency of the Ministry of Commerce in providing public services to citizens. This collaboration will facilitate SETFO users in paying public service fees for using the system through their ABA Mobile App, without having to pay in person at the Ministry of Commerce.",,
47,"(Antalya, Türkiye): On 28-31 January 2025, Mr. Keo Buntheng, Commercial Attaché to the Republic of Türkiye, attended the 31st International Trade Exhibition for Food and Beverage, which was held at Antalya Expo Center in Antalya, Türkiye. The event attracted approximately 300 exhibitors from 70 provinces in Türkiye and 50 countries, with a total of approximately 20,000 visitors.","(អង់តាលីយ៉ា, តួកគីយ៉េ)៖ នាថ្ងៃទី២៨-៣១ ខែមករា ឆ្នាំ២០២៥ លោក កែវ ប៊ុនថេង អនុព័ន្ធពាណិជ្ជកម្មប្រចាំសាធារណរដ្ឋតួកគីយ៉េ បានចូលរួមកម្មវិធីពិព័រណ៌ម្ហូបអាហារនិងភេសជ្ជៈអន្តជាតិ លើកទី៣១ (31st International Trade Exhibition for Food and Beverage) ដែលត្រូវបានធ្វើឡើងនៅមជ្ឈមណ្ឌលអង់តាលីយ៉ា (Antalya Expo Center) នៅទីក្រុងអង់តាលីយ៉ា សាធារណរដ្ឋតួកគីយ៉េ។ ព្រឹត្តិការណ៍នេះមានក្រុមហ៊ុនចូលរួមតាំងបង្ហាញប្រមាណ៣០០ក្រុមហ៊ុន មកពីខេត្តចំនួន៧០ នៅក្នុងប្រទេសតួកគីយ៉េ និងប្រទេសចំនួន៥០ និងមានអ្នកចូលរួមទស្សនាសរុបប្រមាណ ២ម៉ឺននាក់។",
48,"At the event, the Commercial Attaché attended the opening ceremony of the exhibition and visited the exhibition booths of food and beverage products, meat products, seafood, nuts, frozen and processed foods, as well as machinery and equipment used in the production and packaging of food and beverages. Taking that opportunity, the Commercial Attaché met with importers of cashew nuts, rice, pepper, dried fruits, and other nuts to promote the potential of Cambodian products and provided contact information of Cambodian companies and enterprises that are the producers and suppliers of these products, with the aim of enabling businesspeople and investors from both countries to connect and explore the possibilities in doing business together.",នៅក្នុងព្រឹត្តិការណ៍នេះផងដែរ លោកអនុព័ន្ធពាណិជ្ជកម្មចូលរួមពិធីបើកពិព័រណ៌ និងបានទស្សនានូវស្តង់ពិព័រណ៌ផលិតផលម្ហូបអាហារនិងភេសជ្ជៈ ផលិតផលសាច់សត្វ គ្រឿងសមុទ្រ គ្រាប់ធញជាតិ អាហារបង្កកនិងកែច្នែ រួមនឹងគ្រឿងម៉ាស៊ីននិងបរិក្ខាដែលបម្រើដល់ការផលិតនិងវេចខ្ចប់អាហារនិងភេសជ្ជៈ។ ឆ្លៀតក្នុងឱកាសនោះ លោកអនុព័ន្ធពាណិជ្ជកម្មបានជួបជាមួយនឹងក្រុមហ៊ុននាំចូលគ្រាប់ស្វាយចន្ទី អង្ករ ម្រេច និងផ្លែឈើក្រៀម និងគ្រាប់ធញជាតិមួយចំនួនទៀត ដើម្បីផ្សព្វផ្សាយអំពីសក្តានុពលនៃផលិតផលកម្ពុជា និងបានផ្តល់ជូននូវព័ត៌មានទំនាក់ទំនងរបស់ក្រុមហ៊ុននិងសហគ្រាស កម្ពុជា ដែលជាអ្នកផលិតនិងផ្គត់ផ្គង់នូវផលិតផលទាំងនេះ ក្នុងគោលដៅដើម្បីឱ្យធុរជននិងវិនិយោគិននៃប្រទេសទាំងពីរអាចភ្ជាប់ទំនាក់ទំនងនិងសិក្សាអំពីលទ្ធភាពក្នុងការធ្វើកិច្ចសហការអាជីវកម្មរួមគ្នា។,
49,"(Phnom Penh): On the morning of Wednesday, 29 January 2025, His Excellency SAMHENG Bora, Secretary of State of the Ministry of Commerce and Chairman of the Export Promotion Task Force, held a productive meeting with Mr. Akira SASAKI, Managing Director of Inoue Calcium Corporation.",(ភ្នំពេញ)៖ នាព្រឹកថ្ងៃពុធ ទី២៩ ខែមករា ឆ្នាំ២០២៥ ឯកឧត្តម សំហេង បូរ៉ា រដ្ឋលេខាធិការក្រសួងពាណិជ្ជកម្ម និងជាប្រធានក្រុមការងារជំរុញការនាំចេញ បានទទួលជួបពិភាក្សាការងារជាមួយ លោក Akira SASAKI នាយកគ្រប់គ្រងក្រុមហ៊ុន Inoue Calcium Corporation។,
50,"The meeting was attended by His Excellency Secretary of State, His Excellency Under Secretary of State, Mr. Vu Van MANH, President and CEO of BMC Group, and Mrs. MUTH Chakrya Founder and Chairwoman of Handcrafted Cashew Nuts Stung Treng.",កិច្ចប្រជុំនេះមានការចូលរួមពី ឯកឧត្ដមរដ្ឋលេខាធិការ ឯកឧត្ដមអនុរដ្ឋលេខាធិការក្រសួងពាណិជ្ជកម្ម លោក Vu Van MANH ប្រធាននិងនាយកប្រតិបត្តិក្រុមហ៊ុន BMC Group ប្រទេសវៀតណាម និង លោកស្រី មុត ចរិយា ស្ថាបនិក និងអគ្គនាយិកា សិប្បកម្មហ៊ែនក្រាហ្វធីត ឃែស៊ូ ណាត់ ស្ទឹងត្រែង។,
51,"The discussions centered on expanding the export potential of Cambodian processed cashew nuts and pepper to the Japanese market while exploring investment opportunities in Cambodia’s agro-processing sector. His Excellency Secretary of State reaffirmed the Export Promotion Task Force’s dedication to strengthening the competitiveness of Cambodian agricultural products by upholding high processing standards, fostering innovation, and ensuring compliance with Japanese market requirements. This collaboration aligns with Cambodia’s broader strategy to diversify export markets and attract foreign investment, ultimately enhancing the agricultural value chain.",កិច្ចពិភាក្សានេះផ្តោតសំខាន់លើ ការជំរុញសក្តានុពលនាំចេញគ្រាប់ស្វាយចន្ទីកែច្នៃ និងម្រេចកម្ពុជាទៅកាន់ទីផ្សារជប៉ុន និងការសិក្សាឱកាសវិនិយោគក្នុងវិស័យកែច្នៃកសិផលនៅកម្ពុជា ក្នុងការលើកកម្ពស់ការប្រកួតប្រជែងនៃផលិតផលកសិកម្មកម្ពុជា ដោយធានាស្តង់ដារខ្ពស់ក្នុងការកែច្នៃ និងការពង្រីកទីផ្សារ លើកកម្ពស់សក្ដានុពលនៃការច្នៃប្រឌិត និងអនុលោមភាពនៃស្តង់ដារទីផ្សារជប៉ុន។,
52,"(Phnom Penh): On the afternoon of Thursday, 30 January 2025, at the Ministry of Commerce, Her Excellency CHAM Nimul, Minister of Commerce, chaired the monthly meeting of January 2025 of the Ministry of Commerce. The meeting was attended by the ministry's leaders and relevant officials.",(ភ្នំពេញ)៖ នារសៀលថ្ងៃព្រហស្បតិ៍ ទី៣០ ខែមករា ឆ្នាំ២០២៥ នៅទីស្តីការក្រសួងពាណិជ្ជកម្ម លោកជំទាវ ចម និម្មល រដ្ឋមន្ត្រីក្រសួងពាណិជ្ជកម្ម បានអញ្ជើញជាអធិបតីដឹកនាំកិច្ចប្រជុំប្រចាំខែមករា ឆ្នាំ២០២៥ របស់ក្រសួងពាណិជ្ជកម្ម ដែលមានវត្តមានអញ្ជើញចូលរួមពី ឯកឧត្តម លោកជំទាវ រដ្ឋលេខាធិការ អនុរដ្ឋលេខាធិការ ឯកឧត្តមអគ្គនាយក លោកជំទាវអគ្គាធិការ លោក-លោកស្រីអគ្គនាយករង អគ្គាធិការរង ប្រធាននាយកដ្ឋាន-វិទ្យាស្ថាន អនុប្រធាននាយកដ្ឋាន-វិទ្យាស្ថាន ប្រធាន និងអនុប្រធានមន្ទីរ ព្រមទាំងសាខា ក.ប.ប. រាជធានី-ខេត្តទាំងអស់ចំណុះឱ្យក្រសួងពាណិជ្ជកម្ម តំណាងពាណិជ្ជកម្មប្រចាំតំបន់រដ្ឋបាលសេដ្ឋកិច្ចពិសេស តំណាងពាណិជ្ជកម្មប្រចាំនៅបរទេស និងទីប្រឹក្សាទាំងអស់ចំណុះឱ្យក្រសួងពាណិជ្ជកម្មផងដែរ។,
53,"The monthly meeting was held at the Ministry of Commerce and, via video conference, covered the following agendas:",កិច្ចប្រជុំប្រចាំខែនេះ ត្រូវបានរៀបចំឡើងដោយផ្ទាល់ និងតាមប្រព័ន្ធអនឡាញ ក្រោមរបៀបវារៈរួមមាន៖,
54,1. Brief report on the work progress of:,១. របាយការណ៍វឌ្ឍនភាពការងារស្តីពី៖,
55,- The meeting on the preparation of a plan for coordinating the prices of cassava and cashew agricultural products for 2025,- កិច្ចប្រជុំស្ដីពីការរៀបចំផែនការសម្របសម្រួលថ្លៃកសិផលដំឡូងមី និងស្វាយចន្ទីសម្រាប់ឆ្នាំ២០២៥,
56,#NAME?,- ស្ថានភាពស្រូវអង្ករ និងមៀនប៉ៃលិន (តាង៉ែន),
57,2. Brief report on the work progress of the Export Promotion Task Force,២. របាយការណ៍វឌ្ឍនភាពការងាររបស់ក្រុមការងារជំរុញការនាំចេញ,
58,3. Brief report on the work progress of:,៣. របាយការណ៍វឌ្ឍនភាពការងារស្ដីពី៖,
59,- Free Trade Agreement Portal System (FTA Portal) and issuance of Certificates of Origin (C/O),- ថ្នាលព័ត៌មានកិច្ចព្រមព្រៀងពាណិជ្ជកម្មសេរី (FTA Portal) និងការចេញវិញ្ញាបនបត្របញ្ជាក់ប្រភពដើមទំនិញ (C/O),
60,#NAME?,- ការពន្លឿននីតិវិធីចុះបញ្ជីម៉ាក,
61,#NAME?,- ការតម្កល់ប្រតិវេទន៍ប្រចាំឆ្នាំ និងបង្កាន់ដៃបង់ប្រាក់សេវាសាធារណៈ,
62,4. Other matters.,៤. បញ្ហាផ្សេងៗ។,
63,"(Geneva, Switzerland): On the morning of Tuesday, 28 January 2025, His Excellency SUON Prasith, Ambassador and Permanent Representative of the Permanent Mission of the Kingdom of Cambodia to the World Trade Organization and other international organizations (Economy and Trade) in Geneva, in his capacity as the outgoing Chair of the Group of 77 and China (Geneva Chapter), officially handed over the chairmanship to Mr. Cristóbal MELGAR PAZOS, Chargé d'Affaires of the Permanent Mission of Peru, for the 2025 mandate.","(ហ្សឺណែវ, ស្វីស)៖ នាព្រឹកថ្ងៃអង្គារ ទី២៨ ខែមករា ឆ្នាំ២០២៥ ឯកឧត្តម សួន ប្រសិទ្ធ អគ្គរាជទូតនិងជាប្រធានស្ថានបេសកកម្មអចិន្ត្រៃយ៍កម្ពុជាប្រចាំអង្គការពាណិជ្ជកម្មពិភពលោក និងអង្គការអន្តរជាតិនានាពាក់ព័ន្ធនឹងវិស័យសេដ្ឋកិច្ច-ពាណិជ្ជកម្មប្រចាំទីក្រុងហ្សឺណែវ ប្រទេសស្វីស និងក្នុងនាមជាប្រធានចប់អាណត្តិរបស់ក្រុមប្រទេស G77 និងចិន បានផ្ទេរតួនាទីជាផ្លូវការជូន លោក Cristóbal MELGAR PAZOS ភារៈធារីស្ដីទីនៃស្ថានបេសកកម្មប៉េរូ ដើម្បីធ្វើជាប្រធានបន្តពីកម្ពុជាសម្រាប់អាណត្តិឆ្នាំ២០២៥។ ពិធីផ្ទេរតួនាទីនេះ ក៏មានវត្តមានចូលរួមរបស់ លោក Pedro Manuel MORENO អគ្គលេខាធិការរងសន្និសីទអង្គការសហប្រជាជាតិសម្រាប់ពាណិជ្ជកម្មនិងអភិវឌ្ឍន៍ (UNCTAD) និងជាតំណាងរបស់ លោកជំទាវ Rebeca GRYNSPAN អគ្គលេខាធិការអង្គការ UNCTAD ព្រមទាំងសមាជិកក្រុមប្រទេស G77 និងចិន ផងដែរ។",
64,"The official handover ceremony was also attended by Mr. Pedro Manuel Moreno, Deputy Secretary-General of UNCTAD, representing Ms. Rebeca Grynspan, Secretary-General of UNCTAD, along with members of the Group of 77 and China.",សូមជម្រាបជូនថា ក្រុមប្រទេស G77 និងចិន គឺជាក្រុមចរចាធំជាងគេនៅក្នុងប្រព័ន្ធអង្គការសហប្រជាជាតិ និងដែលបច្ចុប្បន្នមានសមាជិកសរុប ១៣៤ ប្រទេស ក្នុងនោះគណៈប្រតិភូកម្ពុជាបានទទួលធ្វើជាអនុប្រធានក្រុមនេះចាប់តាំងពីថ្ងៃទី២៣ ខែវិច្ឆិកា ឆ្នាំ ២០២២ និងជាប្រធានចាប់តាំងពីថ្ងៃទី៣០ ខែមករា ឆ្នាំ២០២៤។ នៅក្នុងអាណត្តិជាប្រធាន គណៈប្រតិភូកម្ពុជាបានធ្វើជាតំណាងក្រុមចូលរួមនៅក្នុងកិច្ចប្រជុំពិភាក្សានិងចរចា ក្រោមក្របខ័ណ្ឌអង្គការ UNCTAD សរុបប្រមាណ ៩៥លើក រួមទាំងការសម្របសម្រួលផ្ដល់ធាតុចូលនានារបស់ក្រុមនេះទៅក្នុងកិច្ចពិភាក្សានៅទីក្រុងញូវយ៉ក ព្រមទាំងបានដឹកនាំការពិភាក្សានិងបង្កើតក្រុមការងារចំនួន៣ គឺ ក្រុមការងារ ស្តីពីសេដ្ឋកិច្ចឌីជីថល និងឌីជីថលូបនីយកម្មសម្រាប់អភិវឌ្ឍន៍ ក្រុមការងារស្តីពីហិរញ្ញប្បទានសម្រាប់អភិវឌ្ឍន៍ និងក្រុមការងារស្តីពីបម្រែបម្រួលអាកាសធាតុ ពាណិជ្ជកម្ម និងការអភិវឌ្ឍប្រកបដោយចីរភាព។,
65,"The Group of 77 and China is the largest negotiating group within the United Nations system, currently comprising 134 member countries. The Cambodian delegation assumed the duties of Vice-Chair of the Group of 77 and China (Geneva Chapter) on 23 November 2022 and took over the chairmanship on 30 January 2024. During its tenure, the Cambodian delegation represented the Group in approximately 95 meetings and negotiations, including facilitating the Group’s inputs into discussions at the United Nations in New York.",បន្ថែមពីនេះ គណៈប្រតិភូកម្ពុជាបានសម្របសម្រួលរៀបចំខួបលើកទី ៦០ឆ្នាំ នៃការបង្កើតក្រុម G77 និងចិន កាលពីថ្ងៃទី១៣ ខែកញ្ញា ឆ្នាំ២០២៤ ប្រកបដោយជោគជ័យនិងផ្លែផ្កា ដោយមានការរៀបចំវេទិកាកិច្ចសន្ទនាកម្រិតខ្ពស់ និងបានដាក់ចេញនូវសេចក្តីថ្លែងការណ៍រួមកម្រិតអគ្គរាជ/រដ្ឋទូត និងសេចក្តីប្រកាសព័ត៌មានជាអាទិ៍ ព្រមទាំងបានដឹកនាំនិងសម្របសម្រួលកិច្ចពិភាក្សានិងចរចាផ្ទៃក្នុងសម្រាប់ស្វែងរកជំហររួម ដើម្បីជាមូលដ្ឋានគោលសម្រាប់ចូលរួមចរចានៅក្នុងកិច្ចប្រជុំថ្នាក់រដ្ឋមន្ត្រីអង្គការUNCTADលើកទី១៦ ដែលគ្រោងប្រព្រឹត្តទៅនៅខែតុលា ឆ្នាំ២០២៥ ខាងមុខ។,
66,"Additionally, it led discussions and established three working groups: the Working Group on Digital Economy and Digitalization for Development, the Working Group on Financing for Development, and the Working Group on Climate Change, Trade, and Sustainable Development.",ក្នុងឱកាសនោះ លោកអគ្គលេខាធិការរង បានថ្លែងអំណរគុណ និងកោតសរសើរគណប្រតិភូកម្ពុជា ក្នុងការដឹកនាំក្រុមប្រទេស G77 និងចិនប្រកបដោយការទទួលខុសត្រូវ និងមានគោលដៅច្បាស់លាស់ ព្រមទាំងគូសបញ្ជាក់អំពីការបន្តគាំទ្រការចរចាសម្រាប់កិច្ចប្រជុំថ្នាក់រដ្ឋមន្ត្រី និងលើកកម្ពស់ប្រព័ន្ធពហុភាគីនិយមសម្រាប់ពាណិជ្ជកម្ម និងអភិវឌ្ឍន៍ ផងដែរ។,
67,"Moreover, the Cambodian delegation successfully coordinated the 60th anniversary of the Group’s establishment on 13 September 2024, organizing high-level dialogues, adopting a joint ambassadorial statement, and issuing a press release. In preparation for the UNCTAD XVI Ministerial Conference scheduled for October 2025, Cambodia also led and coordinated internal discussions and negotiations to establish a common position for participation in the conference negotiations.",បន្ថែមលើការប្តេជ្ញាដឹកនាំក្រុមរបស់ប្រទេសប៉េរូប្រធានដឹកនាំថ្មី តំណាងក្រុមប្រទេស អភិវឌ្ឍន៍តិចតួច ក្រុមប្រទេសអាស៊ីប៉ាស៊ីហ្វិក ក្រុមប្រទេសអាហ្វ្រិក ក្រុមប្រទេសអាម៉េរិកឡាទីននិងការ៉ាអ៊ីព ក្រុមប្រទេសអារ៉ាប់ ក្រុមប្រទេសកម្រងកោះកំពុងអភិវឌ្ឍន៍ និងសមាជិកជាច្រើនក៏បានចូលរួមផុលផុសធ្វើបទអន្តរាគមន៍កោតសរសើរ និងវាយតម្លៃខ្ពស់ចំពោះគណៈប្រតិភូកម្ពុជាក្នុងការដឹកនាំក្រុមប្រទេស G77 និងចិនក្នុងអាណត្តិរបស់ខ្លួនប្រកបដោយផ្លែផ្កានិងសមិទ្ធផលជាច្រើន បើទោះបីកម្ពុជាជាប្រទេសអភិវឌ្ឍន៍តិចតួចក្តី៕,
68,"On this occasion, the Deputy Secretary-General expressed his appreciation and recognition of the Cambodian delegation for its visionary leadership and commitment. He also reaffirmed his support for the Group in the upcoming Ministerial Conference negotiations and its dedication to upholding multilateralism for trade and development.",,
69,"In addition to the commitment of the incoming Chair from the Peruvian delegation, coordinators from various regional groups—including the Least Developed Countries (LDCs), the Asia-Pacific Group (APG), the Group of Latin American and Caribbean Countries (GRULAC), the Arab Group, and the Small Island Developing States (SIDS)—as well as many other member states, participated in the event. They delivered remarks praising and highly appreciating the Cambodian delegation’s leadership of the Group of 77 and China. Despite Cambodia's status as a least-developed country, it successfully led the Group to many remarkable achievements and outcomes during its term.",,
70,"Her Excellency CHAM Nimul, Minister of Commerce of the Kingdom of Cambodia, and His Excellency Malaithong KOMMASITH, Minister of Industry and Commerce of the Lao People’s Democratic Republic, co-chaired the Second Cambodia-Laos Joint Trade Committee Meeting.",(វៀងចន្ទន៍)៖ នាព្រឹកថ្ងៃអង្គារ ទី២៨ ខែមករា ឆ្នាំ២០២៥ នៅទីក្រុងវៀងចន្ទន៍ សាធារណរដ្ឋប្រជាធិបតេយ្យប្រជាមានិតឡាវ ដោយអនុវត្តតាមអនុសាសន៍ណែនាំដ៏ខ្ពស់ខ្ពស់របស់ថ្នាក់ដឹកនាំរបស់ប្រទេសទាំងពីរ លោកជំទាវ ចម និម្មល រដ្ឋមន្រ្តីក្រសួងពាណិជ្ជកម្ម នៃព្រះរាជាណាចក្រកម្ពុជា និងឯកឧត្តម Malaithong KOMMASITH រដ្ឋមន្ត្រីក្រសួងឧស្សាហកម្ម និងពាណិជ្ជកម្ម នៃសាធារណរដ្ឋប្រជាធិបតេយ្យប្រជាមានិតឡាវ បានអញ្ជើញជាសហប្រធានដឹកនាំកិច្ចប្រជុំថ្នាក់រដ្ឋមន្រ្តីនៃគណៈកម្មាធិការពាណិជ្ជកម្មចម្រុះកម្ពុជា-ឡាវ លើកទី២ ដោយមានការចូលរួមពីថ្នាក់ដឹកនាំអន្តរក្រសួង-ស្ថាប័នពាក់ព័ន្ធ និងអាជ្ញាធរខេត្តជាប់ព្រំដែនរបស់ភាគីទាំងពីរ។ កិច្ចប្រជុំនេះត្រូវបានរៀបចំឡើងក្នុងគោលបំណងពិនិត្យវឌ្ឍនភាពកិច្ចការពាណិជ្ជកម្ម កំណត់គោលដៅទំហំពាណិជ្ជកម្ម ស្វែងរកកាលានុវត្តភាពសំដៅបង្កើនទំហំពាណិជ្ជកម្ម កិច្ចសហប្រតិបត្តិការ និងបង្កើតយន្តការអំណោយផលសម្រាប់ធុរកិច្ច និងវិនិយោគរបស់ប្រទេសទាំងពីរ និងបានពិភាក្សាលើចំណុចសំខាន់ៗ មួយចំនួនរួមមាន៖ (១) ការកំណត់គោលដៅពាណិជ្ជកម្មទ្វេភាគី (២) កិច្ចសហប្រតិបត្តិការតំបន់ពាណិជ្ជកម្មសេរី (៣)ពនិត្យលទ្ធភាពបង្កើតយន្តការផ្សេងៗដើម្បីពង្រីកទំហំពាណិជ្ជកម្មទ្វេភាគី (៤) កិច្ចប្រជុំប្រចាំឆ្នាំរបស់រដ្ឋបាលខេត្តជាប់ព្រំដែន (៥) ការតាំងពិព័រណ៍/ពិព័រណ៍ពាណិជ្ជកម្ម ការផ្សព្វផ្សាយពាណិជ្ជកម្ម និងការវិនិយោគ (៦) ទេសចរណ៍ និងភស្តុភារកម្ម និង (៧) សភាពាណិជ្ជកម្ម និងកិច្ចសហប្រតិបត្តិការឧស្សាហកម្ម។,
71,"(Vientiane, Lao PDR): On the morning of Tuesday, 28 January 2025, in Vientiane, Lao People’s Democratic Republic, following the high-level recommendations of the leaders of both countries, Her Excellency CHAM Nimul, Minister of Commerce of Cambodia, and His Excellency Malaithong KOMMASITH, Minister of Industry and Commerce of the Lao People’s Democratic Republic, co-chaired the Second Cambodia-Laos Joint Trade Committee Meeting. The Meeting was organized to review the implementation progress, set trade targets, explore opportunities to further promote trade, foster cooperation, and create favorable mechanisms for business and investment between the two countries. It also addressed the following issues such as : (1) Bilateral trade targets, (2) Free Trade zone cooperation, (3) Exploring the possibility of creating various mechanisms to expand bilateral trade (4) Annual meetings of border provinces’ administrations, (5) Exhibitions/trade fairs, business and investment promotion, (6) Tourism and logistics, and (7) Chamber of Commerce and Industry cooperation. The meeting was attended by representatives from relevant ministries and provinces of both countries",គួរបញ្ជាក់ផងដែរថា កាលពីព្រឹកថ្ងៃទី២៧ ខែមករា ឆ្នាំ២០២៥ មុនពេលកិច្ចប្រជុំថ្នាក់រដ្ឋមន្ត្រីនាព្រឹកនេះ ក៏មានកិច្ចប្រជុំថ្នាក់ឧត្តមមន្រ្តីដែលភាគីកម្ពុជាដឹកនាំដោយ ឯកឧត្តម ឡុង កែមវិចិត្រ អគ្គនាយកពាណិជ្ជកម្មអន្តរជាតិ នៃក្រសួងពាណិជ្ជកម្មកម្ពុជា និងភាគីឡាវដឹកនាំឯកឧត្តម Sayana SAYYAKONE អគ្គនាយកនៃនាយកដ្ឋានចចារពាណិជ្ជកម្ម និងកិច្ចសហប្រតិបត្តិការសេដ្ឋកិច្ច នៃក្រសួងឧស្សាហកម្មនិងពាណិជ្ជកម្មឡាវ ដើម្បីពិនិត្យ និងពិភាក្សាលំអិតអំពីអាទិភាពការងារដែលនឹងត្រូវសហការអនុវត្តបន្តដើម្បីដាក់ជូនកិច្ចប្រជុំថ្នាក់រដ្ឋមន្ត្រីពិនិត្យ និងផ្តល់អនុសាសន៍ណែនាំ ។,
72,"It is worth noting that, prior to the ministerial meeting this morning, there was also a Senior Officials’ Meeting on the morning of 27 January 2025, co-led by His Excellency LONG Kemvichet, Director General for International Trade, Ministry of Commerce Cambodia and His Excellency Sayana SAYYAKONE, Director General of Department of Trade Negotiation and Economic Cooperation, Ministry of Industry and Commerce of Lao PDR, and was attended by representatives from relevant ministries and provinces of both countries, to review and discuss in detail on priority areas that will be jointly implemented. These areas will then be submitted to the ministerial level for review and guidance.",,
73,"(Tokyo, Japan): On the morning of Friday, 24 January 2025, His Excellency SAMHENG Bora, Secretary of State of the Ministry of Commerce and Chairman of the Export Promotion Task Force, along with Undersecretaries of State of the Ministry of Commerce, held a productive meeting with Mr. Takuyu Ajiro, Deputy Director General of the Produce Department at Overseas Merchandise Inspection Co., Ltd. (OMIC), and Mr. Hiroaki Sato, Chief of Section of the Grain Trade and Operations Division within the Agricultural Production Bureau of Japan’s Ministry of Agriculture, Forestry, and Fisheries, centered around Japan's import procedures and quality requirements for the Japanese market.","(តូក្យូ, ជប៉ុន)៖ នាព្រឹកថ្ងៃសុក្រ ទី២៤ ខែមករា ឆ្នាំ២០២៥ ឯកឧត្តម សំហេង បូរ៉ា រដ្ឋលេខាធិការក្រសួងពាណិជ្ជកម្ម និងជាប្រធានក្រុមការងារជំរុញការនាំចេញ អមដោយអនុរដ្ឋលេខាធិការក្រសួងពាណិជ្ជកម្ម បានជួបពិភាក្សាការងារជាមួយ លោក Takuyu Ajiro អគ្គនាយករងនៃ Produce Department នៃក្រុមហ៊ុន Overseas Merchandise Inspection Co., Ltd. (OMIC) និង លោក Hiroaki SATO ប្រធានផ្នែកពាណិជ្ជកម្ម និងប្រតិបត្តិការគ្រាប់ធញ្ញជាតិ ការិយាល័យផលិតកម្មកសិកម្ម នៃក្រសួងកសិកម្ម រុក្ខាប្រមាញ់ និងនេសាទ ប្រទេសជប៉ុន អំពីនីតិវិធីនៃការនាំចូល ការអនុលោមតាមស្តង់ដាសុវត្ថិភាព និងគុណភាពរបស់ប្រទេសជប៉ុន។",
74,"On that occasion, Mr. Takuyu Ajiro provided an overview of OMIC’s rigorous inspection processes, emphasizing their role in guaranteeing that imported agricultural products align with Japanese regulations and consumer expectations.",ក្នុងឱកាសនោះ លោក Takuyu Ajiro បានចែករំលែកពីដំណើរការត្រួតពិនិត្យយ៉ាងម៉ត់ចត់របស់ OMIC និងតួនាទីរបស់ OMIC ក្នុងការសម្រួលដល់ការនាំចូលផលិតផលកសិកម្មទៅកាន់ប្រទេសជប៉ុន ដោយធានាថាអាចបំពេញតាមបទប្បញ្ញត្តិ និងការរំពឹងទុករបស់អ្នកប្រើប្រាស់។,
75,"In addition, Mr. Hiroaki Sato underlined the importance of adhering to Japan’s import standards, expressing Japan’s commitment to strengthening bilateral trade relations and supporting Cambodia in enhancing market access for its agricultural products.",ជាមួយគ្នានេះ លោក Hiroaki SATO ក៏បានគូសបញ្ជាក់អំពីសារៈសំខាន់នៃការអនុលោមតាមស្តង់ដានាំចូលរបស់ប្រទេសជប៉ុន និងបានអះអាងជាថ្មីនូវការគាំទ្ររបស់ប្រទេសជប៉ុនសម្រាប់ការពង្រឹងទំនាក់ទំនងពាណិជ្ជកម្មទ្វេភាគីឱ្យកាន់តែរឹងមាំ និងលើកកម្ពស់លទ្ធភាពទទួលបានទីផ្សារសម្រាប់ផលិតផលកសិកម្មរបស់កម្ពុជា។,
76,"(Ankara, Türkiye): On Thursday, 12 December 2024, at the Ankara Chamber of Industry headquarters in Ankara, Mr. Keo Buntheng, Commercial Attaché to the Republic of Türkiye, coordinated the organization of the Cambodia-Turkey Business Forum, co-organized by the Cambodian Chamber of Commerce, the Ankara Chamber of Industry, and the Turkish Foreign Economic Relations Board (DEİK).",(អង់ការ៉ា តួកគីយ៉េ)៖ នាថ្ងៃព្រហស្បតិ៍ ទី១២ ខែធ្នូ ឆ្នាំ២០២៤ នៅទីស្នាក់ការសភាឧស្សាហកម្មអង់ការ៉ា (Ankara Chamber of Industry) ទីក្រុងអង់ការ៉ា សាធារណរដ្ឋតួកគីយ៉េ លោក កែវ ប៊ុនថេង អនុព័ន្ធពាណិជ្ជកម្ម ប្រចាំសាធារណរដ្ឋតួកគីយ៉េ បានសម្របសម្រួលរៀបចំនូវវេទិកាធុរកិច្ចកម្ពុជា-តួកគីយ៉េ ដែលសហការរៀបចំដោយសភាពាណិជ្ជកម្មកម្ពុជា សភាពាណិជ្ជឧស្សាហកម្ម និងគណៈកម្មាធិការទំនាក់ទំនងសេដ្ឋកិច្ចបរទេសតួកគីយ៉េ (DEiK)។ ,
77,"The forum was attended by Oknha KUOCH Pheng, Vice President of the Cambodian Chamber of Commerce; representatives of Oknha KITH Meng, President of the Cambodian Chamber of Commerce and Chairman of the ASEAN Business Advisory Council for Cambodia; and representatives of 18 Turkish companies and 6 Cambodian companies.",វេទិកានេះ មានការអញ្ជើញចូលរួមពី ឧកញ៉ា គួច ផេង អនុប្រធានសភាពាណិជ្ជកម្មកម្ពុជា តំណាង អ្នកឧកញ៉ា គិត ម៉េង ប្រធានសភាពាណិជ្ជកម្មកម្ពុជា និងជាប្រធានក្រុមប្រឹក្សាពិគ្រោះយោបល់ធុរកិច្ចអាស៊ានសម្រាប់កម្ពុជា ព្រមទាំងតំណាងក្រុមហ៊ុនតួកគីយ៉េ ចំនួន១៨ និងក្រុមហ៊ុនកម្ពុជា ចំនួន៦ ផងដែរ។ ,
78,The business forum aimed to share information about the potential for trade and investment between the two countries and to provide Cambodian and Turkish businesspeople with opportunities to explore investment partnerships and collaborations.,វេទិកាធុរកិច្ចកម្ពុជា-តួកគីយ៉េ ត្រូវបានរៀបចំឡើងដើម្បីចែករំលែកព័ត៌មានអំពីសក្តានុពលនៃពាណិជ្ជកម្មនិងការវិនិយោគរបស់ប្រទេសទាំងពីរ និងផ្តល់ឱកាសដល់ធុរជនកម្ពុជានិងតួកគីយ៉េ ស្វែងរកឱកាសក្នុងការចាប់ដៃគូរវិនិយោគនិងធ្វើធុរកិច្ចរួមគ្នា។,
79,"Also at the forum, the Cambodian Chamber of Commerce and the Ankara Chamber of Industry signed a memorandum of understanding to strengthen cooperation in promoting trade and investment. In addition, the Cambodian Chamber of Commerce delegation and the Commercial Attaché visited Ankara's 1st Organized Industrial Zone to study the operations of four factories: a furniture factory, an excavator assembly factory, a frozen food factory, and a model human resource training center.",ក្នុងឱកាសនោះ សភាពាណិជ្ជកម្មកម្ពុជា និងសភាឧស្សាហកម្មអង់ការ៉ា បានចុះនូវអនុស្សរណៈនៃការយោគយល់គ្នា ដើម្បីពង្រឹងនូវកិច្ចសហប្រតិបត្តិការរវាងស្ថាប័នទាំងពីរក្នុងការជំរុញពាណិជ្ជកម្មនិងការវិនិយោគ។ ជាងនេះទៅទៀត គណៈប្រតិភូសភាពាណិជ្ជកម្មកម្ពុជា និងលោកអនុព័ន្ធពាណិជ្ជកម្ម បានធ្វើទស្សនកិច្ចទៅកាន់តំបន់ឧស្សាហកម្មទី១ ទីក្រុងអង់ការ៉ា ដើម្បីសិក្សាស្វែងយល់អំពីដំណើរការរោងចក្រចំនួន៤ រួមមាន៖ រោងចក្រផលិតគ្រឿងសង្ហារឹម រោងចក្រតំឡើង Excavator រោងចក្រផលិតចំណីអាហារបង្កក និងមជ្ឈមណ្ឌលគំរូសម្រាប់បណ្តុះបណ្តាលធនធានមនុស្ស។,
80,"(Kuala Lumpur, Malaysia): On the afternoon of Tuesday, 17 December 2024, at the Senate House in Kuala Lumpur, Malaysia, Mr. VITH Panhnha, Commercial Attaché, accompanied His Excellency OUK Chandara, Ambassador of Cambodia to Malaysia, and Malaysian investors from Sarawak and Sabah, to a working lunch with HON. Senator Dato Awang Bemee bin Awang Ali Basah, Malaysian Senate President.","(គូឡាឡាំពួរ, ម៉ាឡេស៊ី)៖ នារសៀលថ្ងៃអង្គារ ទី១៧ ខែធ្នូ ឆ្នាំ២០២៤ នៅវិមានព្រឹទ្ធសភា ទីក្រុងគូឡាឡាំពួរ ប្រទេសម៉ាឡេស៊ី លោក វ៉ិត បញ្ញា អនុព័ន្ធពាណិជ្ជកម្ម អមស្ថានទូតកម្ពុជាប្រចាំប្រទេសម៉ាឡេស៊ី បានចូលរួមអម ឯកឧត្តម អ៊ុក ចាន់ដារ៉ា ឯកអគ្គរាជទូតកម្ពុជាប្រចាំប្រទេសម៉ាឡេស៊ី រួមជាមួយវិនិយោគគិនម៉ាឡេស៊ីមកពីរដ្ឋ Sarawak និងរដ្ឋ Sabah ចូលរួមទទួលទានអាហារការងារថ្ងៃត្រង់ជាមួយ ឯកឧត្តម HON. Senator Dato Awang Bemee Bin Awang Ali Basah ប្រធានព្រឹទ្ធសភាម៉ាឡេស៊ី ។",
81,"During the meeting, the Senate President expressed support for investment in Cambodia's rice milling sector and the launch of direct flights from Sarawak to Phnom Penh.",ក្នុងឱកាសនោះ ឯកឧត្តមប្រធានព្រឹទ្ធសភា បានបង្ហាញពីការគាំទ្រចំពោះការវិនិយោគលើវិស័យម៉ាស៊ីនកិនស្រូវនៅកម្ពុជា និងការបើកជើងហោះហើរផ្ទាល់ពីរដ្ឋ Sarawak មកកាន់រាជធានីភ្នំពេញ។,
82,"He Excellency Senate President also encouraged Malaysian investors to explore increased investment in Cambodia's trade, agro-industry, energy, education, health, and tourism sectors, and to explore opportunities to enhance closer relations between cities in Sarawak and Sabah and cities or provinces in Cambodia to increase economic volume, investment, trade, tourism, cultural exchange, and educational collaboration.",ជាមួយគ្នានេះ ឯកឧត្តមប្រធានព្រឹទ្ធសភា បានជំរុញវិនិយោគិនម៉ាឡេស៊ី ពិនិត្យលទ្ធភាពក្នុងការបង្កើនការវិនិយោគនៅកម្ពុជាលើវិស័យពាណិជ្ជកម្ម កសិ-ឧស្សាហកម្ម ថាមពល អប់រំ សុខាភិបាល និងទេសចរណ៍ ព្រមទាំងមានបំណងចង់ឱ្យមានកិច្ចសហប្រតិបត្តិការឱ្យកាន់តែជិតស្និតរវាងទីក្រុងណាមួយនៃរដ្ឋ Sarawak និង Sabah របស់ប្រទេសម៉ាឡេស៊ី ជាមួយទីក្រុងនិងខេត្តណាមួយរបស់ប្រទេសកម្ពុជា ដើម្បីបង្កើនទំហំសេដ្ឋកិច្ច ពាណិជ្ជកម្ម ការវិនិយោគ ទេសចរណ៍ វប្បធម៌ និងអប់រំ ផងដែរ។,
83,"In response, His Excellency Ambassador expressed his deep gratitude to His Excellency Senate President for hosting the working lunch and welcomed Malaysian investors from Sarawak and Sabah to explore investment opportunities in Cambodia.",ជាកិច្ចឆ្លើយតប ឯកឧត្តមឯកអគ្គរាជទូត បានថ្លែងអំណរគុណយ៉ាងជ្រាវជ្រៅចំពោះ ឯកឧត្តមប្រធានព្រឹទ្ធសភា សម្រាប់ការទទួលស្វាគមន៍នៃការទទួលទានអាហារការងារថ្ងៃត្រង់ដ៏មានសារៈសំខាន់នេះ និងស្វាគមន៍វិនិយោគគិនម៉ាឡេស៊ីទាំងអស់ ក្នុងការពិនិត្យសិក្សានិងស្វែងរកកាលានុវត្តភាពដើម្បីវិនិយោគនៅកម្ពុជានាពេលខាងមុខ។,
84,"(Phnom Penh): On the morning of Tuesday, 17 December 2024, at the Ministry of Commerce, His Excellency VA Rothsan, Secretary of State of the Ministry of Commerce, received a courtesy call from representatives of the EU-German GATE project and the EU-German CAPSAFE project to discuss the preparation of a national pepper policy/strategy.",(ភ្នំពេញ)៖ នាព្រឹកថ្ងៃអង្គារ ទី១៧ ខែធ្នូ ឆ្នាំ២០២៤ នៅទីស្តីការក្រសួងពាណិជ្ជកម្ម ឯកឧត្តម វ៉ា រុតសាន រដ្ឋលេខាធិការក្រសួងពាណិជ្ជកម្ម បានទទួលជួបពិភាក្សាការងារលើកទី១ ជាមួយតំណាងគម្រោង EU-German GATE និង EU-German CAPSAFE ដើម្បីពិភាក្សាលើការត្រៀមរៀបចំឯកសារយុទ្ធសាស្ត្រ ឬគោលនយោបាយម្រេចកម្ពុជា។,
85,"During the meeting, His Excellency Secretary of State, expressed his gratitude and appreciation to the EU-German GATE project and the EU-German CAPSAFE project for their contribution to the development of the trade sector and highlighted the Ministry of Commerce’s strong commitment in its close cooperation to promote the development of Cambodia’s pepper sector.",ក្នុងនៅកិច្ចប្រជុំនេះ ឯកឧត្តមរដ្ឋលេខាធិការ បានថ្លែងអំណរគុណដល់គម្រោង EU-German GATE និង EU-German CAPSAFE ដែលបានរួមចំណែកដល់ការអភិវឌ្ឍវិស័យពាណិជ្ជកម្មកន្លងមក និងបានលើកពីជំហរយ៉ាងមុតមាំរបស់ក្រសួងពាណិជ្ជកម្មក្នុងការបន្តកិច្ចសហប្រតិបត្តិការយ៉ាងជិតស្និត សំដៅជំរុញ និងអភិវឌ្ឍនវិស័យម្រេចនៅកម្ពុជា។,
86,"(Phnom Penh): On the morning of Tuesday, 17 December 2024, at the Ministry of Commerce, His Excellency LIM Lork Piseth, Secretary of State of the Ministry of Commerce, received a courtesy call from Mr. LIANG Songshou, Chairman of the Guangdong-Hong Kong-Macao Greater Bay Area Economic Industry Research Federation and his delegates. The purpose was to strengthen trade and investment relations between Guangdong Province and Cambodia, and to gain a further understanding of Cambodia’s policies and strategies regarding trade, investment, education, energy, and the environment.",(ភ្នំពេញ)៖ នាព្រឹកថ្ងៃអង្គារ ទី១៧ ខែធ្នូ ឆ្នាំ២០២៤ នៅទីស្តីក្រសួងពាណិជ្ជកម្ម ឯកឧត្តម លីម ឡោកពិសិដ្ឋ រដ្ឋលេខាធិការក្រសួងពាណិជ្ជកម្ម បានទទួលជួបពិភាក្សាការងារជាមួយ លោក LIANG Songshou ប្រធានសហព័ន្ធសិក្សាស្រាវជ្រាវសេដ្ឋកិច្ច ឧស្សាហកម្មតំបន់ឆ្នេរក្វាងទុង-ហុងកុង-ម៉ាកាវ និងសហការី ដើម្បីពង្រឹងនូវទំនាក់ទំនងពាណិជ្ជកម្ម និងការវិនិយោគរវាងខេត្តក្វាងទុងជាមួយកម្ពុជា ក៏ដូចជាស្វែងយល់បន្ថែមអំពីគោលនយោបាយដែលពាក់ព័ន្ធនឹងវិស័យពាណិជ្ជកម្ម វិនិយោគ អប់រំ ថាមពល និងបរិស្ថាននៅក្នុងប្រទេសកម្ពុជា។ ,
87,"At the outset, His Excellency Secretary of State, welcomed the Federation’s delegation and expressed appreciation for their interest in learning more about business and investment opportunities in Cambodia. His Excellency Secretary of State, provided an overview of key policies and strategies implemented by the Royal Government of Cambodia, particularly those spearheaded by the Ministry of Commerce, aimed at enhancing commercial activities and attracting more investment from various regions.",បន្ថែមពីនេះ ឯកឧត្តមរដ្ឋលេខាធិការ បានជម្រាបជូនអំពីគោលនយោបាយ និងយុទ្ធសាស្រ្តសំខាន់ៗដែលបានដាក់ចេញដោយរាជរដ្ឋាភិបាលកម្ពុជា ជាពិសេសមានក្រសួងពាណិជ្ជកម្មជាសេនាធិការ ក្នុងការធ្វើឱ្យប្រសើរឡើងនូវការធ្វើពាណិជ្ជកម្ម និងការទាក់ទាញការវិនិយោគបន្ថែមទៀតពីគ្រប់មជ្ឈដ្ឋាន។,
88,"His Excellency Secretary of State, also highlighted the long-standing and close ties between Cambodia and China, the establishment of the Cambodia-China bilateral Free Trade Agreement (CCFTA), and other regional and global cooperation initiatives.","ជាមួយគ្នានេះ ឯកឧត្តមរដ្ឋលេខាធិការ ក៏បានលើកឡើងអំពីចំណងមិត្តភាពដ៏ស្អិតរមួត និងយូរអង្វែងរវាងកម្ពុជា-ចិន, ការបង្កើតកិច្ចព្រមព្រៀងពាណិជ្ជកម្មសេរីទ្វេភាគីកម្ពុជា-ចិន និងកិច្ចសហប្រតិបត្តិការផ្សេងៗទៀតទាំងក្នុងតំបន់ និងសកលលោក។",
89,"In response, Mr. LIANG Songshou expressed his sincere thanks to the Ministry of Commerce for the opportunity to pay a courtesy call and hold discussions. Mr. Chairman emphasized that Cambodia has great potential for business and investment. He conveyed his strong interest in investing in Cambodia, particularly in biomass energy and education, and expressed a desire to collaborate with the government on investments in environmental protection.",ជាការឆ្លើយតប លោកប្រធានសហព័ន្ធ បានថ្លែងអំណរគុណដល់ក្រសួងពាណិជ្ជកម្មដែលបានអនុញ្ញាតឱ្យរូបលោក និងគណៈប្រតិភូ បានចូលជួបសម្តែងការគួរសម និងពិភាក្សាការងារ។ លោកប្រធានសហព័ន្ធ បន្តថា កម្ពុជាគឺជាប្រទេសមួយដែលមានសក្តានុពលសម្រាប់ពាណិជ្ជកម្ម និងវិនិយោគ ហើយ លោក ពិតជាមានការចាប់អារម្មណ៍យ៉ាងខ្លាំងក្នុងការមកវិនិយោគនៅកម្ពុជា ជាពិសេសលើវិស័យថាមពលជីវម៉ាសនិងអប់រំ ព្រមទាំងចង់ចូលរួមជាមួយរដ្ឋាភិបាលក្នុងការវិយោគលើវិស័យការពារបរិស្ថាន ផងដែរ។,
90,"(Phnom Penh): On the afternoon of Sunday, 15 December 2024, at the PH Grand Hall, His Excellency SAMHENG Bora, Secretary of State of Ministry of Commerce, high representative of Her Excellency CHAM Nimul, Minister of Commerce presided over a speech at a business matching event under the theme ""Development of Cambodia's Potential Product Market"", an accompanying event during the ""Cambodia Trade Expo"" from 13-16 December 2024.",(ភ្នំពេញ)៖ នារសៀលថ្ងៃអាទិត្យ ទី១៥ ខែធ្នូ ឆ្នាំ២០២៤ នៅសាលសន្និសីទភីអេចហ្ក្រេនហល បុរីប៉េងហួតបឹងស្នោ ឯកឧត្តម សំហេង បូរ៉ា រដ្ឋលេខាធិការ ក្រសួងពាណិជ្ជកម្ម បានអញ្ជើញចូលរួមជាអធិបតីថ្លែងសុន្ទរកថាក្នុងជំនួបពាណិជ្ជកម្ម ស្តីពី “ការអភិវឌ្ឍទីផ្សារផលិតផលសក្តានុពលកម្ពុជា” ដែលជាព្រឹត្តិការណ៍អមក្នុងកំឡុង “ពិព័រណ៍ពាណិជ្ជកម្មកម្ពុជា” ដែលប្រព្រឹត្តទៅចាប់ពីថ្ងៃទី១៣-១៦ ខែធ្នូ ឆ្នាំ២០២៤។,
91,"The purpose of this business matching event is to: 1- Facilitate producers and traders in finding business partners 2- Find and expand the market for local producers and traders and 3-disseminating and promoting the export of Cambodian products to international markets, providing opportunities for Cambodian traders, artisans and producers to meet directly with distributors, buyers and consumers.",ជំនួបពាណិជ្ជកម្មនេះ ត្រូវបានរៀបចំឡើងក្នុងគោលបំណង៖ ១-ជួយសម្របសម្រួលដល់ផលិតករ និងពាណិជ្ជករក្នុងការស្វែងរកដៃគូពាណិជ្ជកម្ម ២-ស្វែងរក និងពង្រីកទីផ្សារ ជូនផលិតករ និងពាណិជ្ជករក្នុងស្រុក និង៣-ផ្សព្វផ្សាយ និងជំរុញការនាំចេញផលិតផលខ្មែរទៅកាន់ទីផ្សារអន្តរជាតិ ដែលផ្តល់ឱកាសជូន អាជីវករ សិប្បករ និងផលិតករខ្មែរ ក្នុងការជួបពិភាក្សារផ្ទាល់ជាមួយ អ្នកចែកចាយ អ្នកទទួលទិញ និងអ្នកប្រើប្រាស់។,
92,"in the above business matching, there was also the sharing of experiences from speakers from the Ministry of Commerce and Cambodian companies focusing on the development of potential Cambodian products, accompanied by an exhibition of a variety of Cambodian products, including rice, cashew, mango, pepper, banana, Pailin Longan, cassava, honey, salt, coconut and a variety of products.",ក្នុងឱកាសនោះ ក៏មានការចែករំលែកបទពិសោធពីវាគ្មិន ពីក្រសួងពាណិជ្ជកម្ម និងក្រុមហ៊ុនកម្ពុជា ផ្តោតទៅលើការអភិវឌ្ឍផលិតផលសក្តានុពលខ្មែរ អមដោយការតាំងបង្ហាញផលិតផលកម្ពុជាជាច្រើនមុខ រួមមាន អង្ករ ស្វាយចន្ទី ម្រេច ស្វាយ ចេកអំបូងលឿង មៀនប៉ៃលិន ដំឡូងមី ទឹកឃ្មុំ អំបិល ដូង និងផលិតផលចម្រុះជាច្រើនមុខ។,
93,"(Phnom Penh): On the morning of Tuesday, 22 January 2025, at the Ministry of Commerce, His Excellency TAT Puthsodary, Secretary of State of the Ministry of Commerce, led a technical meeting with the Economic Research Institute for ASEAN and East Asia (ERIA). The Ministry of Agriculture, Forestry and Fisheries (MAFF) and the Royal University of Agriculture also participated.",(ភ្នំពេញ)៖ នាព្រឹកថ្ងៃអង្ការ ទី២២ ខែមករា ឆ្នាំ២០២៥ នៅទីស្តីការក្រសួងពាណិជ្ជកម្ម ឯកឧត្តម តាត ពុធសូដារី រដ្ឋលេខាធិការ នៃក្រសួងពាណិជ្ជកម្ម បានដឹកនំាកិច្ចប្រជុំបច្ចេកទេស ជាមួយនឹងវិទ្យាស្ថានស្រាវជ្រាវសេដ្ឋកិច្ចអាស៊ាន និងអាស៊ីបូព៌ា (ERIA) ដោយមានការចូលរួមពីតំណាងក្រសួងកសិកម្ម រុក្ខាប្រមាញ់ និងនេសាទ និងសាកលវិទ្យាល័យភូមិន្ទកសិកម្ម។,
94,"The meeting aims to discussed technical assistance for a research program on agri-food systems, food loss, and food waste, and explored capacity-building support for the Ministry of Commerce and relevant ministries.",កិច្ចប្រជុំមានគោលបំណងពិភាក្សាអំពីជំនួយបច្ចេកទេសលើការស្រាវជ្រាវ ស្តីពីបញ្ហាប្រព័ន្ធកសិស្បៀងអាហារ ក្នុងប្រព័ន្ធពាណិជ្ជកម្ម (agri-food systems in trading systems) និង ការខាតបង់ស្បៀង/អាហារ និងការខ្ជះខ្ជាយស្បៀង/អាហារ ក្នុងប្រព័ន្ធពាណិជ្ជកម្ម (Food loss and food waste in trading systems) និងការស្វែងរកការគាំទ្រ និងពង្រឹងកិច្ចសហការលើការកសាងសមត្ថភាពដល់មន្រ្តីក្រសួងពាណិជ្ជកម្ម និងក្រសួងពាក់ព័ន្ធផងដែរ។,
95,"Her Excellency CHAM Nimul, Minister of Commerce of the Kingdom of Cambodia, and His Excellency Malaithong KOMMASITH, Minister of Industry and Commerce of the Lao People’s Democratic Republic, co-chaired the Second Cambodia-Laos Joint Trade Committee Meeting.",(វៀងចន្ទន៍)៖ នាព្រឹកថ្ងៃអង្គារ ទី២៨ ខែមករា ឆ្នាំ២០២៥ នៅទីក្រុងវៀងចន្ទន៍ សាធារណរដ្ឋប្រជាធិបតេយ្យប្រជាមានិតឡាវ ដោយអនុវត្តតាមអនុសាសន៍ណែនាំដ៏ខ្ពស់ខ្ពស់របស់ថ្នាក់ដឹកនាំរបស់ប្រទេសទាំងពីរ លោកជំទាវ ចម និម្មល រដ្ឋមន្រ្តីក្រសួងពាណិជ្ជកម្ម នៃព្រះរាជាណាចក្រកម្ពុជា និងឯកឧត្តម Malaithong KOMMASITH រដ្ឋមន្ត្រីក្រសួងឧស្សាហកម្ម និងពាណិជ្ជកម្ម នៃសាធារណរដ្ឋប្រជាធិបតេយ្យប្រជាមានិតឡាវ បានអញ្ជើញជាសហប្រធានដឹកនាំកិច្ចប្រជុំថ្នាក់រដ្ឋមន្រ្តីនៃគណៈកម្មាធិការពាណិជ្ជកម្មចម្រុះកម្ពុជា-ឡាវ លើកទី២ ដោយមានការចូលរួមពីថ្នាក់ដឹកនាំអន្តរក្រសួង-ស្ថាប័នពាក់ព័ន្ធ និងអាជ្ញាធរខេត្តជាប់ព្រំដែនរបស់ភាគីទាំងពីរ។ កិច្ចប្រជុំនេះត្រូវបានរៀបចំឡើងក្នុងគោលបំណងពិនិត្យវឌ្ឍនភាពកិច្ចការពាណិជ្ជកម្ម កំណត់គោលដៅទំហំពាណិជ្ជកម្ម ស្វែងរកកាលានុវត្តភាពសំដៅបង្កើនទំហំពាណិជ្ជកម្ម កិច្ចសហប្រតិបត្តិការ និងបង្កើតយន្តការអំណោយផលសម្រាប់ធុរកិច្ច និងវិនិយោគរបស់ប្រទេសទាំងពីរ និងបានពិភាក្សាលើចំណុចសំខាន់ៗ មួយចំនួនរួមមាន៖ (១) ការកំណត់គោលដៅពាណិជ្ជកម្មទ្វេភាគី (២) កិច្ចសហប្រតិបត្តិការតំបន់ពាណិជ្ជកម្មសេរី (៣)ពនិត្យលទ្ធភាពបង្កើតយន្តការផ្សេងៗដើម្បីពង្រីកទំហំពាណិជ្ជកម្មទ្វេភាគី (៤) កិច្ចប្រជុំប្រចាំឆ្នាំរបស់រដ្ឋបាលខេត្តជាប់ព្រំដែន (៥) ការតាំងពិព័រណ៍/ពិព័រណ៍ពាណិជ្ជកម្ម ការផ្សព្វផ្សាយពាណិជ្ជកម្ម និងការវិនិយោគ (៦) ទេសចរណ៍ និងភស្តុភារកម្ម និង (៧) សភាពាណិជ្ជកម្ម និងកិច្ចសហប្រតិបត្តិការឧស្សាហកម្ម។,
96,"(Vientiane, Lao PDR): On the morning of Tuesday, 28 January 2025, in Vientiane, Lao People’s Democratic Republic, following the high-level recommendations of the leaders of both countries, Her Excellency CHAM Nimul, Minister of Commerce of Cambodia, and His Excellency Malaithong KOMMASITH, Minister of Industry and Commerce of the Lao People’s Democratic Republic, co-chaired the Second Cambodia-Laos Joint Trade Committee Meeting. The Meeting was organized to review the implementation progress, set trade targets, explore opportunities to further promote trade, foster cooperation, and create favorable mechanisms for business and investment between the two countries. It also addressed the following issues such as : (1) Bilateral trade targets, (2) Free Trade zone cooperation, (3) Exploring the possibility of creating various mechanisms to expand bilateral trade (4) Annual meetings of border provinces’ administrations, (5) Exhibitions/trade fairs, business and investment promotion, (6) Tourism and logistics, and (7) Chamber of Commerce and Industry cooperation. The meeting was attended by representatives from relevant ministries and provinces of both countries",គួរបញ្ជាក់ផងដែរថា កាលពីព្រឹកថ្ងៃទី២៧ ខែមករា ឆ្នាំ២០២៥ មុនពេលកិច្ចប្រជុំថ្នាក់រដ្ឋមន្ត្រីនាព្រឹកនេះ ក៏មានកិច្ចប្រជុំថ្នាក់ឧត្តមមន្រ្តីដែលភាគីកម្ពុជាដឹកនាំដោយ ឯកឧត្តម ឡុង កែមវិចិត្រ អគ្គនាយកពាណិជ្ជកម្មអន្តរជាតិ នៃក្រសួងពាណិជ្ជកម្មកម្ពុជា និងភាគីឡាវដឹកនាំឯកឧត្តម Sayana SAYYAKONE អគ្គនាយកនៃនាយកដ្ឋានចចារពាណិជ្ជកម្ម និងកិច្ចសហប្រតិបត្តិការសេដ្ឋកិច្ច នៃក្រសួងឧស្សាហកម្មនិងពាណិជ្ជកម្មឡាវ ដើម្បីពិនិត្យ និងពិភាក្សាលំអិតអំពីអាទិភាពការងារដែលនឹងត្រូវសហការអនុវត្តបន្តដើម្បីដាក់ជូនកិច្ចប្រជុំថ្នាក់រដ្ឋមន្ត្រីពិនិត្យ និងផ្តល់អនុសាសន៍ណែនាំ ។,
97,"(Tokyo, Japan): On the morning of Friday, 24 January 2025, His Excellency SAMHENG Bora, Secretary of State of the Ministry of Commerce and Chairman of the Export Promotion Task Force, along with Undersecretaries of State of the Ministry of Commerce, held a productive meeting with Mr. Takuyu Ajiro, Deputy Director General of the Produce Department at Overseas Merchandise Inspection Co., Ltd. (OMIC), and Mr. Hiroaki Sato, Chief of Section of the Grain Trade and Operations Division within the Agricultural Production Bureau of Japan’s Ministry of Agriculture, Forestry, and Fisheries, centered around Japan's import procedures and quality requirements for the Japanese market.","(តូក្យូ, ជប៉ុន)៖ នាព្រឹកថ្ងៃសុក្រ ទី២៤ ខែមករា ឆ្នាំ២០២៥ ឯកឧត្តម សំហេង បូរ៉ា រដ្ឋលេខាធិការក្រសួងពាណិជ្ជកម្ម និងជាប្រធានក្រុមការងារជំរុញការនាំចេញ អមដោយអនុរដ្ឋលេខាធិការក្រសួងពាណិជ្ជកម្ម បានជួបពិភាក្សាការងារជាមួយ លោក Takuyu Ajiro អគ្គនាយករងនៃ Produce Department នៃក្រុមហ៊ុន Overseas Merchandise Inspection Co., Ltd. (OMIC) និង លោក Hiroaki SATO ប្រធានផ្នែកពាណិជ្ជកម្ម និងប្រតិបត្តិការគ្រាប់ធញ្ញជាតិ ការិយាល័យផលិតកម្មកសិកម្ម នៃក្រសួងកសិកម្ម រុក្ខាប្រមាញ់ និងនេសាទ ប្រទេសជប៉ុន អំពីនីតិវិធីនៃការនាំចូល ការអនុលោមតាមស្តង់ដាសុវត្ថិភាព និងគុណភាពរបស់ប្រទេសជប៉ុន។",
98,"On that occasion, Mr. Takuyu Ajiro provided an overview of OMIC’s rigorous inspection processes, emphasizing their role in guaranteeing that imported agricultural products align with Japanese regulations and consumer expectations.",ក្នុងឱកាសនោះ លោក Takuyu Ajiro បានចែករំលែកពីដំណើរការត្រួតពិនិត្យយ៉ាងម៉ត់ចត់របស់ OMIC និងតួនាទីរបស់ OMIC ក្នុងការសម្រួលដល់ការនាំចូលផលិតផលកសិកម្មទៅកាន់ប្រទេសជប៉ុន ដោយធានាថាអាចបំពេញតាមបទប្បញ្ញត្តិ និងការរំពឹងទុករបស់អ្នកប្រើប្រាស់។,
99,"In addition, Mr. Hiroaki Sato underlined the importance of adhering to Japan’s import standards, expressing Japan’s commitment to strengthening bilateral trade relations and supporting Cambodia in enhancing market access for its agricultural products.",ជាមួយគ្នានេះ លោក Hiroaki SATO ក៏បានគូសបញ្ជាក់អំពីសារៈសំខាន់នៃការអនុលោមតាមស្តង់ដានាំចូលរបស់ប្រទេសជប៉ុន និងបានអះអាងជាថ្មីនូវការគាំទ្ររបស់ប្រទេសជប៉ុនសម្រាប់ការពង្រឹងទំនាក់ទំនងពាណិជ្ជកម្មទ្វេភាគីឱ្យកាន់តែរឹងមាំ និងលើកកម្ពស់លទ្ធភាពទទួលបានទីផ្សារសម្រាប់ផលិតផលកសិកម្មរបស់កម្ពុជា។,
